--
-- PostgreSQL database dump
--

-- Dumped from database version 10.5 (Debian 10.5-2.pgdg90+1)
-- Dumped by pg_dump version 10.23

-- Started on 2022-12-05 20:40:38 UTC

SET statement_timeout = 0;
SET lock_timeout = 0;
SET idle_in_transaction_session_timeout = 0;
SET client_encoding = 'UTF8';
SET standard_conforming_strings = on;
SELECT pg_catalog.set_config('search_path', '', false);
SET check_function_bodies = false;
SET xmloption = content;
SET client_min_messages = warning;
SET row_security = off;

SET default_tablespace = '';

SET default_with_oids = false;

--
-- TOC entry 205 (class 1259 OID 16427)
-- Name: admin_permissions; Type: TABLE; Schema: public; Owner: postgres
--

CREATE TABLE public.admin_permissions (
    id integer NOT NULL,
    action character varying(255),
    subject character varying(255),
    properties jsonb,
    conditions jsonb,
    created_at timestamp(6) without time zone,
    updated_at timestamp(6) without time zone,
    created_by_id integer,
    updated_by_id integer
);


ALTER TABLE public.admin_permissions OWNER TO postgres;

--
-- TOC entry 204 (class 1259 OID 16425)
-- Name: admin_permissions_id_seq; Type: SEQUENCE; Schema: public; Owner: postgres
--

CREATE SEQUENCE public.admin_permissions_id_seq
    AS integer
    START WITH 1
    INCREMENT BY 1
    NO MINVALUE
    NO MAXVALUE
    CACHE 1;


ALTER TABLE public.admin_permissions_id_seq OWNER TO postgres;

--
-- TOC entry 3347 (class 0 OID 0)
-- Dependencies: 204
-- Name: admin_permissions_id_seq; Type: SEQUENCE OWNED BY; Schema: public; Owner: postgres
--

ALTER SEQUENCE public.admin_permissions_id_seq OWNED BY public.admin_permissions.id;


--
-- TOC entry 227 (class 1259 OID 16569)
-- Name: admin_permissions_role_links; Type: TABLE; Schema: public; Owner: postgres
--

CREATE TABLE public.admin_permissions_role_links (
    id integer NOT NULL,
    permission_id integer,
    role_id integer,
    permission_order integer
);


ALTER TABLE public.admin_permissions_role_links OWNER TO postgres;

--
-- TOC entry 226 (class 1259 OID 16567)
-- Name: admin_permissions_role_links_id_seq; Type: SEQUENCE; Schema: public; Owner: postgres
--

CREATE SEQUENCE public.admin_permissions_role_links_id_seq
    AS integer
    START WITH 1
    INCREMENT BY 1
    NO MINVALUE
    NO MAXVALUE
    CACHE 1;


ALTER TABLE public.admin_permissions_role_links_id_seq OWNER TO postgres;

--
-- TOC entry 3348 (class 0 OID 0)
-- Dependencies: 226
-- Name: admin_permissions_role_links_id_seq; Type: SEQUENCE OWNED BY; Schema: public; Owner: postgres
--

ALTER SEQUENCE public.admin_permissions_role_links_id_seq OWNED BY public.admin_permissions_role_links.id;


--
-- TOC entry 209 (class 1259 OID 16453)
-- Name: admin_roles; Type: TABLE; Schema: public; Owner: postgres
--

CREATE TABLE public.admin_roles (
    id integer NOT NULL,
    name character varying(255),
    code character varying(255),
    description character varying(255),
    created_at timestamp(6) without time zone,
    updated_at timestamp(6) without time zone,
    created_by_id integer,
    updated_by_id integer
);


ALTER TABLE public.admin_roles OWNER TO postgres;

--
-- TOC entry 208 (class 1259 OID 16451)
-- Name: admin_roles_id_seq; Type: SEQUENCE; Schema: public; Owner: postgres
--

CREATE SEQUENCE public.admin_roles_id_seq
    AS integer
    START WITH 1
    INCREMENT BY 1
    NO MINVALUE
    NO MAXVALUE
    CACHE 1;


ALTER TABLE public.admin_roles_id_seq OWNER TO postgres;

--
-- TOC entry 3349 (class 0 OID 0)
-- Dependencies: 208
-- Name: admin_roles_id_seq; Type: SEQUENCE OWNED BY; Schema: public; Owner: postgres
--

ALTER SEQUENCE public.admin_roles_id_seq OWNED BY public.admin_roles.id;


--
-- TOC entry 207 (class 1259 OID 16440)
-- Name: admin_users; Type: TABLE; Schema: public; Owner: postgres
--

CREATE TABLE public.admin_users (
    id integer NOT NULL,
    firstname character varying(255),
    lastname character varying(255),
    username character varying(255),
    email character varying(255),
    password character varying(255),
    reset_password_token character varying(255),
    registration_token character varying(255),
    is_active boolean,
    blocked boolean,
    prefered_language character varying(255),
    created_at timestamp(6) without time zone,
    updated_at timestamp(6) without time zone,
    created_by_id integer,
    updated_by_id integer
);


ALTER TABLE public.admin_users OWNER TO postgres;

--
-- TOC entry 206 (class 1259 OID 16438)
-- Name: admin_users_id_seq; Type: SEQUENCE; Schema: public; Owner: postgres
--

CREATE SEQUENCE public.admin_users_id_seq
    AS integer
    START WITH 1
    INCREMENT BY 1
    NO MINVALUE
    NO MAXVALUE
    CACHE 1;


ALTER TABLE public.admin_users_id_seq OWNER TO postgres;

--
-- TOC entry 3350 (class 0 OID 0)
-- Dependencies: 206
-- Name: admin_users_id_seq; Type: SEQUENCE OWNED BY; Schema: public; Owner: postgres
--

ALTER SEQUENCE public.admin_users_id_seq OWNED BY public.admin_users.id;


--
-- TOC entry 229 (class 1259 OID 16582)
-- Name: admin_users_roles_links; Type: TABLE; Schema: public; Owner: postgres
--

CREATE TABLE public.admin_users_roles_links (
    id integer NOT NULL,
    user_id integer,
    role_id integer,
    role_order integer,
    user_order integer
);


ALTER TABLE public.admin_users_roles_links OWNER TO postgres;

--
-- TOC entry 228 (class 1259 OID 16580)
-- Name: admin_users_roles_links_id_seq; Type: SEQUENCE; Schema: public; Owner: postgres
--

CREATE SEQUENCE public.admin_users_roles_links_id_seq
    AS integer
    START WITH 1
    INCREMENT BY 1
    NO MINVALUE
    NO MAXVALUE
    CACHE 1;


ALTER TABLE public.admin_users_roles_links_id_seq OWNER TO postgres;

--
-- TOC entry 3351 (class 0 OID 0)
-- Dependencies: 228
-- Name: admin_users_roles_links_id_seq; Type: SEQUENCE OWNED BY; Schema: public; Owner: postgres
--

ALTER SEQUENCE public.admin_users_roles_links_id_seq OWNED BY public.admin_users_roles_links.id;


--
-- TOC entry 247 (class 1259 OID 32837)
-- Name: components_blocks_hero_slider_items; Type: TABLE; Schema: public; Owner: postgres
--

CREATE TABLE public.components_blocks_hero_slider_items (
    id integer NOT NULL,
    title character varying(255),
    text character varying(255)
);


ALTER TABLE public.components_blocks_hero_slider_items OWNER TO postgres;

--
-- TOC entry 251 (class 1259 OID 32856)
-- Name: components_blocks_hero_slider_items_components; Type: TABLE; Schema: public; Owner: postgres
--

CREATE TABLE public.components_blocks_hero_slider_items_components (
    id integer NOT NULL,
    entity_id integer,
    component_id integer,
    component_type character varying(255),
    field character varying(255),
    "order" integer
);


ALTER TABLE public.components_blocks_hero_slider_items_components OWNER TO postgres;

--
-- TOC entry 250 (class 1259 OID 32854)
-- Name: components_blocks_hero_slider_items_components_id_seq; Type: SEQUENCE; Schema: public; Owner: postgres
--

CREATE SEQUENCE public.components_blocks_hero_slider_items_components_id_seq
    AS integer
    START WITH 1
    INCREMENT BY 1
    NO MINVALUE
    NO MAXVALUE
    CACHE 1;


ALTER TABLE public.components_blocks_hero_slider_items_components_id_seq OWNER TO postgres;

--
-- TOC entry 3352 (class 0 OID 0)
-- Dependencies: 250
-- Name: components_blocks_hero_slider_items_components_id_seq; Type: SEQUENCE OWNED BY; Schema: public; Owner: postgres
--

ALTER SEQUENCE public.components_blocks_hero_slider_items_components_id_seq OWNED BY public.components_blocks_hero_slider_items_components.id;


--
-- TOC entry 246 (class 1259 OID 32835)
-- Name: components_blocks_hero_slider_items_id_seq; Type: SEQUENCE; Schema: public; Owner: postgres
--

CREATE SEQUENCE public.components_blocks_hero_slider_items_id_seq
    AS integer
    START WITH 1
    INCREMENT BY 1
    NO MINVALUE
    NO MAXVALUE
    CACHE 1;


ALTER TABLE public.components_blocks_hero_slider_items_id_seq OWNER TO postgres;

--
-- TOC entry 3353 (class 0 OID 0)
-- Dependencies: 246
-- Name: components_blocks_hero_slider_items_id_seq; Type: SEQUENCE OWNED BY; Schema: public; Owner: postgres
--

ALTER SEQUENCE public.components_blocks_hero_slider_items_id_seq OWNED BY public.components_blocks_hero_slider_items.id;


--
-- TOC entry 249 (class 1259 OID 32848)
-- Name: components_blocks_hero_sliders; Type: TABLE; Schema: public; Owner: postgres
--

CREATE TABLE public.components_blocks_hero_sliders (
    id integer NOT NULL
);


ALTER TABLE public.components_blocks_hero_sliders OWNER TO postgres;

--
-- TOC entry 253 (class 1259 OID 32872)
-- Name: components_blocks_hero_sliders_components; Type: TABLE; Schema: public; Owner: postgres
--

CREATE TABLE public.components_blocks_hero_sliders_components (
    id integer NOT NULL,
    entity_id integer,
    component_id integer,
    component_type character varying(255),
    field character varying(255),
    "order" integer
);


ALTER TABLE public.components_blocks_hero_sliders_components OWNER TO postgres;

--
-- TOC entry 252 (class 1259 OID 32870)
-- Name: components_blocks_hero_sliders_components_id_seq; Type: SEQUENCE; Schema: public; Owner: postgres
--

CREATE SEQUENCE public.components_blocks_hero_sliders_components_id_seq
    AS integer
    START WITH 1
    INCREMENT BY 1
    NO MINVALUE
    NO MAXVALUE
    CACHE 1;


ALTER TABLE public.components_blocks_hero_sliders_components_id_seq OWNER TO postgres;

--
-- TOC entry 3354 (class 0 OID 0)
-- Dependencies: 252
-- Name: components_blocks_hero_sliders_components_id_seq; Type: SEQUENCE OWNED BY; Schema: public; Owner: postgres
--

ALTER SEQUENCE public.components_blocks_hero_sliders_components_id_seq OWNED BY public.components_blocks_hero_sliders_components.id;


--
-- TOC entry 248 (class 1259 OID 32846)
-- Name: components_blocks_hero_sliders_id_seq; Type: SEQUENCE; Schema: public; Owner: postgres
--

CREATE SEQUENCE public.components_blocks_hero_sliders_id_seq
    AS integer
    START WITH 1
    INCREMENT BY 1
    NO MINVALUE
    NO MAXVALUE
    CACHE 1;


ALTER TABLE public.components_blocks_hero_sliders_id_seq OWNER TO postgres;

--
-- TOC entry 3355 (class 0 OID 0)
-- Dependencies: 248
-- Name: components_blocks_hero_sliders_id_seq; Type: SEQUENCE OWNED BY; Schema: public; Owner: postgres
--

ALTER SEQUENCE public.components_blocks_hero_sliders_id_seq OWNED BY public.components_blocks_hero_sliders.id;


--
-- TOC entry 243 (class 1259 OID 32774)
-- Name: components_shared_links; Type: TABLE; Schema: public; Owner: postgres
--

CREATE TABLE public.components_shared_links (
    id integer NOT NULL,
    href character varying(255),
    label character varying(255),
    target character varying(255),
    is_external boolean
);


ALTER TABLE public.components_shared_links OWNER TO postgres;

--
-- TOC entry 242 (class 1259 OID 32772)
-- Name: components_shared_links_id_seq; Type: SEQUENCE; Schema: public; Owner: postgres
--

CREATE SEQUENCE public.components_shared_links_id_seq
    AS integer
    START WITH 1
    INCREMENT BY 1
    NO MINVALUE
    NO MAXVALUE
    CACHE 1;


ALTER TABLE public.components_shared_links_id_seq OWNER TO postgres;

--
-- TOC entry 3356 (class 0 OID 0)
-- Dependencies: 242
-- Name: components_shared_links_id_seq; Type: SEQUENCE OWNED BY; Schema: public; Owner: postgres
--

ALTER SEQUENCE public.components_shared_links_id_seq OWNED BY public.components_shared_links.id;


--
-- TOC entry 245 (class 1259 OID 32787)
-- Name: components_shared_seos; Type: TABLE; Schema: public; Owner: postgres
--

CREATE TABLE public.components_shared_seos (
    id integer NOT NULL,
    meta_title character varying(255),
    meta_description character varying(255)
);


ALTER TABLE public.components_shared_seos OWNER TO postgres;

--
-- TOC entry 244 (class 1259 OID 32785)
-- Name: components_shared_seos_id_seq; Type: SEQUENCE; Schema: public; Owner: postgres
--

CREATE SEQUENCE public.components_shared_seos_id_seq
    AS integer
    START WITH 1
    INCREMENT BY 1
    NO MINVALUE
    NO MAXVALUE
    CACHE 1;


ALTER TABLE public.components_shared_seos_id_seq OWNER TO postgres;

--
-- TOC entry 3357 (class 0 OID 0)
-- Dependencies: 244
-- Name: components_shared_seos_id_seq; Type: SEQUENCE OWNED BY; Schema: public; Owner: postgres
--

ALTER SEQUENCE public.components_shared_seos_id_seq OWNED BY public.components_shared_seos.id;


--
-- TOC entry 215 (class 1259 OID 16489)
-- Name: files; Type: TABLE; Schema: public; Owner: postgres
--

CREATE TABLE public.files (
    id integer NOT NULL,
    name character varying(255),
    alternative_text character varying(255),
    caption character varying(255),
    width integer,
    height integer,
    formats jsonb,
    hash character varying(255),
    ext character varying(255),
    mime character varying(255),
    size numeric(10,2),
    url character varying(255),
    preview_url character varying(255),
    provider character varying(255),
    provider_metadata jsonb,
    folder_path character varying(255),
    created_at timestamp(6) without time zone,
    updated_at timestamp(6) without time zone,
    created_by_id integer,
    updated_by_id integer
);


ALTER TABLE public.files OWNER TO postgres;

--
-- TOC entry 235 (class 1259 OID 16621)
-- Name: files_folder_links; Type: TABLE; Schema: public; Owner: postgres
--

CREATE TABLE public.files_folder_links (
    id integer NOT NULL,
    file_id integer,
    folder_id integer,
    file_order integer
);


ALTER TABLE public.files_folder_links OWNER TO postgres;

--
-- TOC entry 234 (class 1259 OID 16619)
-- Name: files_folder_links_id_seq; Type: SEQUENCE; Schema: public; Owner: postgres
--

CREATE SEQUENCE public.files_folder_links_id_seq
    AS integer
    START WITH 1
    INCREMENT BY 1
    NO MINVALUE
    NO MAXVALUE
    CACHE 1;


ALTER TABLE public.files_folder_links_id_seq OWNER TO postgres;

--
-- TOC entry 3358 (class 0 OID 0)
-- Dependencies: 234
-- Name: files_folder_links_id_seq; Type: SEQUENCE OWNED BY; Schema: public; Owner: postgres
--

ALTER SEQUENCE public.files_folder_links_id_seq OWNED BY public.files_folder_links.id;


--
-- TOC entry 214 (class 1259 OID 16487)
-- Name: files_id_seq; Type: SEQUENCE; Schema: public; Owner: postgres
--

CREATE SEQUENCE public.files_id_seq
    AS integer
    START WITH 1
    INCREMENT BY 1
    NO MINVALUE
    NO MAXVALUE
    CACHE 1;


ALTER TABLE public.files_id_seq OWNER TO postgres;

--
-- TOC entry 3359 (class 0 OID 0)
-- Dependencies: 214
-- Name: files_id_seq; Type: SEQUENCE OWNED BY; Schema: public; Owner: postgres
--

ALTER SEQUENCE public.files_id_seq OWNED BY public.files.id;


--
-- TOC entry 233 (class 1259 OID 16609)
-- Name: files_related_morphs; Type: TABLE; Schema: public; Owner: postgres
--

CREATE TABLE public.files_related_morphs (
    id integer NOT NULL,
    file_id integer,
    related_id integer,
    related_type character varying(255),
    field character varying(255),
    "order" integer
);


ALTER TABLE public.files_related_morphs OWNER TO postgres;

--
-- TOC entry 232 (class 1259 OID 16607)
-- Name: files_related_morphs_id_seq; Type: SEQUENCE; Schema: public; Owner: postgres
--

CREATE SEQUENCE public.files_related_morphs_id_seq
    AS integer
    START WITH 1
    INCREMENT BY 1
    NO MINVALUE
    NO MAXVALUE
    CACHE 1;


ALTER TABLE public.files_related_morphs_id_seq OWNER TO postgres;

--
-- TOC entry 3360 (class 0 OID 0)
-- Dependencies: 232
-- Name: files_related_morphs_id_seq; Type: SEQUENCE OWNED BY; Schema: public; Owner: postgres
--

ALTER SEQUENCE public.files_related_morphs_id_seq OWNED BY public.files_related_morphs.id;


--
-- TOC entry 255 (class 1259 OID 32901)
-- Name: home_pages; Type: TABLE; Schema: public; Owner: postgres
--

CREATE TABLE public.home_pages (
    id integer NOT NULL,
    created_at timestamp(6) without time zone,
    updated_at timestamp(6) without time zone,
    published_at timestamp(6) without time zone,
    created_by_id integer,
    updated_by_id integer,
    locale character varying(255)
);


ALTER TABLE public.home_pages OWNER TO postgres;

--
-- TOC entry 257 (class 1259 OID 32911)
-- Name: home_pages_components; Type: TABLE; Schema: public; Owner: postgres
--

CREATE TABLE public.home_pages_components (
    id integer NOT NULL,
    entity_id integer,
    component_id integer,
    component_type character varying(255),
    field character varying(255),
    "order" integer
);


ALTER TABLE public.home_pages_components OWNER TO postgres;

--
-- TOC entry 256 (class 1259 OID 32909)
-- Name: home_pages_components_id_seq; Type: SEQUENCE; Schema: public; Owner: postgres
--

CREATE SEQUENCE public.home_pages_components_id_seq
    AS integer
    START WITH 1
    INCREMENT BY 1
    NO MINVALUE
    NO MAXVALUE
    CACHE 1;


ALTER TABLE public.home_pages_components_id_seq OWNER TO postgres;

--
-- TOC entry 3361 (class 0 OID 0)
-- Dependencies: 256
-- Name: home_pages_components_id_seq; Type: SEQUENCE OWNED BY; Schema: public; Owner: postgres
--

ALTER SEQUENCE public.home_pages_components_id_seq OWNED BY public.home_pages_components.id;


--
-- TOC entry 254 (class 1259 OID 32899)
-- Name: home_pages_id_seq; Type: SEQUENCE; Schema: public; Owner: postgres
--

CREATE SEQUENCE public.home_pages_id_seq
    AS integer
    START WITH 1
    INCREMENT BY 1
    NO MINVALUE
    NO MAXVALUE
    CACHE 1;


ALTER TABLE public.home_pages_id_seq OWNER TO postgres;

--
-- TOC entry 3362 (class 0 OID 0)
-- Dependencies: 254
-- Name: home_pages_id_seq; Type: SEQUENCE OWNED BY; Schema: public; Owner: postgres
--

ALTER SEQUENCE public.home_pages_id_seq OWNED BY public.home_pages.id;


--
-- TOC entry 259 (class 1259 OID 32927)
-- Name: home_pages_localizations_links; Type: TABLE; Schema: public; Owner: postgres
--

CREATE TABLE public.home_pages_localizations_links (
    id integer NOT NULL,
    home_page_id integer,
    inv_home_page_id integer,
    home_page_order integer
);


ALTER TABLE public.home_pages_localizations_links OWNER TO postgres;

--
-- TOC entry 258 (class 1259 OID 32925)
-- Name: home_pages_localizations_links_id_seq; Type: SEQUENCE; Schema: public; Owner: postgres
--

CREATE SEQUENCE public.home_pages_localizations_links_id_seq
    AS integer
    START WITH 1
    INCREMENT BY 1
    NO MINVALUE
    NO MAXVALUE
    CACHE 1;


ALTER TABLE public.home_pages_localizations_links_id_seq OWNER TO postgres;

--
-- TOC entry 3363 (class 0 OID 0)
-- Dependencies: 258
-- Name: home_pages_localizations_links_id_seq; Type: SEQUENCE OWNED BY; Schema: public; Owner: postgres
--

ALTER SEQUENCE public.home_pages_localizations_links_id_seq OWNED BY public.home_pages_localizations_links.id;


--
-- TOC entry 225 (class 1259 OID 16556)
-- Name: i18n_locale; Type: TABLE; Schema: public; Owner: postgres
--

CREATE TABLE public.i18n_locale (
    id integer NOT NULL,
    name character varying(255),
    code character varying(255),
    created_at timestamp(6) without time zone,
    updated_at timestamp(6) without time zone,
    created_by_id integer,
    updated_by_id integer
);


ALTER TABLE public.i18n_locale OWNER TO postgres;

--
-- TOC entry 224 (class 1259 OID 16554)
-- Name: i18n_locale_id_seq; Type: SEQUENCE; Schema: public; Owner: postgres
--

CREATE SEQUENCE public.i18n_locale_id_seq
    AS integer
    START WITH 1
    INCREMENT BY 1
    NO MINVALUE
    NO MAXVALUE
    CACHE 1;


ALTER TABLE public.i18n_locale_id_seq OWNER TO postgres;

--
-- TOC entry 3364 (class 0 OID 0)
-- Dependencies: 224
-- Name: i18n_locale_id_seq; Type: SEQUENCE OWNED BY; Schema: public; Owner: postgres
--

ALTER SEQUENCE public.i18n_locale_id_seq OWNED BY public.i18n_locale.id;


--
-- TOC entry 213 (class 1259 OID 16479)
-- Name: strapi_api_token_permissions; Type: TABLE; Schema: public; Owner: postgres
--

CREATE TABLE public.strapi_api_token_permissions (
    id integer NOT NULL,
    action character varying(255),
    created_at timestamp(6) without time zone,
    updated_at timestamp(6) without time zone,
    created_by_id integer,
    updated_by_id integer
);


ALTER TABLE public.strapi_api_token_permissions OWNER TO postgres;

--
-- TOC entry 212 (class 1259 OID 16477)
-- Name: strapi_api_token_permissions_id_seq; Type: SEQUENCE; Schema: public; Owner: postgres
--

CREATE SEQUENCE public.strapi_api_token_permissions_id_seq
    AS integer
    START WITH 1
    INCREMENT BY 1
    NO MINVALUE
    NO MAXVALUE
    CACHE 1;


ALTER TABLE public.strapi_api_token_permissions_id_seq OWNER TO postgres;

--
-- TOC entry 3365 (class 0 OID 0)
-- Dependencies: 212
-- Name: strapi_api_token_permissions_id_seq; Type: SEQUENCE OWNED BY; Schema: public; Owner: postgres
--

ALTER SEQUENCE public.strapi_api_token_permissions_id_seq OWNED BY public.strapi_api_token_permissions.id;


--
-- TOC entry 231 (class 1259 OID 16596)
-- Name: strapi_api_token_permissions_token_links; Type: TABLE; Schema: public; Owner: postgres
--

CREATE TABLE public.strapi_api_token_permissions_token_links (
    id integer NOT NULL,
    api_token_permission_id integer,
    api_token_id integer,
    api_token_permission_order integer
);


ALTER TABLE public.strapi_api_token_permissions_token_links OWNER TO postgres;

--
-- TOC entry 230 (class 1259 OID 16594)
-- Name: strapi_api_token_permissions_token_links_id_seq; Type: SEQUENCE; Schema: public; Owner: postgres
--

CREATE SEQUENCE public.strapi_api_token_permissions_token_links_id_seq
    AS integer
    START WITH 1
    INCREMENT BY 1
    NO MINVALUE
    NO MAXVALUE
    CACHE 1;


ALTER TABLE public.strapi_api_token_permissions_token_links_id_seq OWNER TO postgres;

--
-- TOC entry 3366 (class 0 OID 0)
-- Dependencies: 230
-- Name: strapi_api_token_permissions_token_links_id_seq; Type: SEQUENCE OWNED BY; Schema: public; Owner: postgres
--

ALTER SEQUENCE public.strapi_api_token_permissions_token_links_id_seq OWNED BY public.strapi_api_token_permissions_token_links.id;


--
-- TOC entry 211 (class 1259 OID 16466)
-- Name: strapi_api_tokens; Type: TABLE; Schema: public; Owner: postgres
--

CREATE TABLE public.strapi_api_tokens (
    id integer NOT NULL,
    name character varying(255),
    description character varying(255),
    type character varying(255),
    access_key character varying(255),
    last_used_at timestamp(6) without time zone,
    expires_at timestamp(6) without time zone,
    lifespan bigint,
    created_at timestamp(6) without time zone,
    updated_at timestamp(6) without time zone,
    created_by_id integer,
    updated_by_id integer
);


ALTER TABLE public.strapi_api_tokens OWNER TO postgres;

--
-- TOC entry 210 (class 1259 OID 16464)
-- Name: strapi_api_tokens_id_seq; Type: SEQUENCE; Schema: public; Owner: postgres
--

CREATE SEQUENCE public.strapi_api_tokens_id_seq
    AS integer
    START WITH 1
    INCREMENT BY 1
    NO MINVALUE
    NO MAXVALUE
    CACHE 1;


ALTER TABLE public.strapi_api_tokens_id_seq OWNER TO postgres;

--
-- TOC entry 3367 (class 0 OID 0)
-- Dependencies: 210
-- Name: strapi_api_tokens_id_seq; Type: SEQUENCE OWNED BY; Schema: public; Owner: postgres
--

ALTER SEQUENCE public.strapi_api_tokens_id_seq OWNED BY public.strapi_api_tokens.id;


--
-- TOC entry 201 (class 1259 OID 16405)
-- Name: strapi_core_store_settings; Type: TABLE; Schema: public; Owner: postgres
--

CREATE TABLE public.strapi_core_store_settings (
    id integer NOT NULL,
    key character varying(255),
    value text,
    type character varying(255),
    environment character varying(255),
    tag character varying(255)
);


ALTER TABLE public.strapi_core_store_settings OWNER TO postgres;

--
-- TOC entry 200 (class 1259 OID 16403)
-- Name: strapi_core_store_settings_id_seq; Type: SEQUENCE; Schema: public; Owner: postgres
--

CREATE SEQUENCE public.strapi_core_store_settings_id_seq
    AS integer
    START WITH 1
    INCREMENT BY 1
    NO MINVALUE
    NO MAXVALUE
    CACHE 1;


ALTER TABLE public.strapi_core_store_settings_id_seq OWNER TO postgres;

--
-- TOC entry 3368 (class 0 OID 0)
-- Dependencies: 200
-- Name: strapi_core_store_settings_id_seq; Type: SEQUENCE OWNED BY; Schema: public; Owner: postgres
--

ALTER SEQUENCE public.strapi_core_store_settings_id_seq OWNED BY public.strapi_core_store_settings.id;


--
-- TOC entry 199 (class 1259 OID 16394)
-- Name: strapi_database_schema; Type: TABLE; Schema: public; Owner: postgres
--

CREATE TABLE public.strapi_database_schema (
    id integer NOT NULL,
    schema json,
    "time" timestamp without time zone,
    hash character varying(255)
);


ALTER TABLE public.strapi_database_schema OWNER TO postgres;

--
-- TOC entry 198 (class 1259 OID 16392)
-- Name: strapi_database_schema_id_seq; Type: SEQUENCE; Schema: public; Owner: postgres
--

CREATE SEQUENCE public.strapi_database_schema_id_seq
    AS integer
    START WITH 1
    INCREMENT BY 1
    NO MINVALUE
    NO MAXVALUE
    CACHE 1;


ALTER TABLE public.strapi_database_schema_id_seq OWNER TO postgres;

--
-- TOC entry 3369 (class 0 OID 0)
-- Dependencies: 198
-- Name: strapi_database_schema_id_seq; Type: SEQUENCE OWNED BY; Schema: public; Owner: postgres
--

ALTER SEQUENCE public.strapi_database_schema_id_seq OWNED BY public.strapi_database_schema.id;


--
-- TOC entry 197 (class 1259 OID 16386)
-- Name: strapi_migrations; Type: TABLE; Schema: public; Owner: postgres
--

CREATE TABLE public.strapi_migrations (
    id integer NOT NULL,
    name character varying(255),
    "time" timestamp without time zone
);


ALTER TABLE public.strapi_migrations OWNER TO postgres;

--
-- TOC entry 196 (class 1259 OID 16384)
-- Name: strapi_migrations_id_seq; Type: SEQUENCE; Schema: public; Owner: postgres
--

CREATE SEQUENCE public.strapi_migrations_id_seq
    AS integer
    START WITH 1
    INCREMENT BY 1
    NO MINVALUE
    NO MAXVALUE
    CACHE 1;


ALTER TABLE public.strapi_migrations_id_seq OWNER TO postgres;

--
-- TOC entry 3370 (class 0 OID 0)
-- Dependencies: 196
-- Name: strapi_migrations_id_seq; Type: SEQUENCE OWNED BY; Schema: public; Owner: postgres
--

ALTER SEQUENCE public.strapi_migrations_id_seq OWNED BY public.strapi_migrations.id;


--
-- TOC entry 203 (class 1259 OID 16416)
-- Name: strapi_webhooks; Type: TABLE; Schema: public; Owner: postgres
--

CREATE TABLE public.strapi_webhooks (
    id integer NOT NULL,
    name character varying(255),
    url text,
    headers jsonb,
    events jsonb,
    enabled boolean
);


ALTER TABLE public.strapi_webhooks OWNER TO postgres;

--
-- TOC entry 202 (class 1259 OID 16414)
-- Name: strapi_webhooks_id_seq; Type: SEQUENCE; Schema: public; Owner: postgres
--

CREATE SEQUENCE public.strapi_webhooks_id_seq
    AS integer
    START WITH 1
    INCREMENT BY 1
    NO MINVALUE
    NO MAXVALUE
    CACHE 1;


ALTER TABLE public.strapi_webhooks_id_seq OWNER TO postgres;

--
-- TOC entry 3371 (class 0 OID 0)
-- Dependencies: 202
-- Name: strapi_webhooks_id_seq; Type: SEQUENCE OWNED BY; Schema: public; Owner: postgres
--

ALTER SEQUENCE public.strapi_webhooks_id_seq OWNED BY public.strapi_webhooks.id;


--
-- TOC entry 219 (class 1259 OID 16520)
-- Name: up_permissions; Type: TABLE; Schema: public; Owner: postgres
--

CREATE TABLE public.up_permissions (
    id integer NOT NULL,
    action character varying(255),
    created_at timestamp(6) without time zone,
    updated_at timestamp(6) without time zone,
    created_by_id integer,
    updated_by_id integer
);


ALTER TABLE public.up_permissions OWNER TO postgres;

--
-- TOC entry 218 (class 1259 OID 16518)
-- Name: up_permissions_id_seq; Type: SEQUENCE; Schema: public; Owner: postgres
--

CREATE SEQUENCE public.up_permissions_id_seq
    AS integer
    START WITH 1
    INCREMENT BY 1
    NO MINVALUE
    NO MAXVALUE
    CACHE 1;


ALTER TABLE public.up_permissions_id_seq OWNER TO postgres;

--
-- TOC entry 3372 (class 0 OID 0)
-- Dependencies: 218
-- Name: up_permissions_id_seq; Type: SEQUENCE OWNED BY; Schema: public; Owner: postgres
--

ALTER SEQUENCE public.up_permissions_id_seq OWNED BY public.up_permissions.id;


--
-- TOC entry 239 (class 1259 OID 16647)
-- Name: up_permissions_role_links; Type: TABLE; Schema: public; Owner: postgres
--

CREATE TABLE public.up_permissions_role_links (
    id integer NOT NULL,
    permission_id integer,
    role_id integer,
    permission_order integer
);


ALTER TABLE public.up_permissions_role_links OWNER TO postgres;

--
-- TOC entry 238 (class 1259 OID 16645)
-- Name: up_permissions_role_links_id_seq; Type: SEQUENCE; Schema: public; Owner: postgres
--

CREATE SEQUENCE public.up_permissions_role_links_id_seq
    AS integer
    START WITH 1
    INCREMENT BY 1
    NO MINVALUE
    NO MAXVALUE
    CACHE 1;


ALTER TABLE public.up_permissions_role_links_id_seq OWNER TO postgres;

--
-- TOC entry 3373 (class 0 OID 0)
-- Dependencies: 238
-- Name: up_permissions_role_links_id_seq; Type: SEQUENCE OWNED BY; Schema: public; Owner: postgres
--

ALTER SEQUENCE public.up_permissions_role_links_id_seq OWNED BY public.up_permissions_role_links.id;


--
-- TOC entry 221 (class 1259 OID 16530)
-- Name: up_roles; Type: TABLE; Schema: public; Owner: postgres
--

CREATE TABLE public.up_roles (
    id integer NOT NULL,
    name character varying(255),
    description character varying(255),
    type character varying(255),
    created_at timestamp(6) without time zone,
    updated_at timestamp(6) without time zone,
    created_by_id integer,
    updated_by_id integer
);


ALTER TABLE public.up_roles OWNER TO postgres;

--
-- TOC entry 220 (class 1259 OID 16528)
-- Name: up_roles_id_seq; Type: SEQUENCE; Schema: public; Owner: postgres
--

CREATE SEQUENCE public.up_roles_id_seq
    AS integer
    START WITH 1
    INCREMENT BY 1
    NO MINVALUE
    NO MAXVALUE
    CACHE 1;


ALTER TABLE public.up_roles_id_seq OWNER TO postgres;

--
-- TOC entry 3374 (class 0 OID 0)
-- Dependencies: 220
-- Name: up_roles_id_seq; Type: SEQUENCE OWNED BY; Schema: public; Owner: postgres
--

ALTER SEQUENCE public.up_roles_id_seq OWNED BY public.up_roles.id;


--
-- TOC entry 223 (class 1259 OID 16543)
-- Name: up_users; Type: TABLE; Schema: public; Owner: postgres
--

CREATE TABLE public.up_users (
    id integer NOT NULL,
    username character varying(255),
    email character varying(255),
    provider character varying(255),
    password character varying(255),
    reset_password_token character varying(255),
    confirmation_token character varying(255),
    confirmed boolean,
    blocked boolean,
    created_at timestamp(6) without time zone,
    updated_at timestamp(6) without time zone,
    created_by_id integer,
    updated_by_id integer
);


ALTER TABLE public.up_users OWNER TO postgres;

--
-- TOC entry 222 (class 1259 OID 16541)
-- Name: up_users_id_seq; Type: SEQUENCE; Schema: public; Owner: postgres
--

CREATE SEQUENCE public.up_users_id_seq
    AS integer
    START WITH 1
    INCREMENT BY 1
    NO MINVALUE
    NO MAXVALUE
    CACHE 1;


ALTER TABLE public.up_users_id_seq OWNER TO postgres;

--
-- TOC entry 3375 (class 0 OID 0)
-- Dependencies: 222
-- Name: up_users_id_seq; Type: SEQUENCE OWNED BY; Schema: public; Owner: postgres
--

ALTER SEQUENCE public.up_users_id_seq OWNED BY public.up_users.id;


--
-- TOC entry 241 (class 1259 OID 16660)
-- Name: up_users_role_links; Type: TABLE; Schema: public; Owner: postgres
--

CREATE TABLE public.up_users_role_links (
    id integer NOT NULL,
    user_id integer,
    role_id integer,
    user_order integer
);


ALTER TABLE public.up_users_role_links OWNER TO postgres;

--
-- TOC entry 240 (class 1259 OID 16658)
-- Name: up_users_role_links_id_seq; Type: SEQUENCE; Schema: public; Owner: postgres
--

CREATE SEQUENCE public.up_users_role_links_id_seq
    AS integer
    START WITH 1
    INCREMENT BY 1
    NO MINVALUE
    NO MAXVALUE
    CACHE 1;


ALTER TABLE public.up_users_role_links_id_seq OWNER TO postgres;

--
-- TOC entry 3376 (class 0 OID 0)
-- Dependencies: 240
-- Name: up_users_role_links_id_seq; Type: SEQUENCE OWNED BY; Schema: public; Owner: postgres
--

ALTER SEQUENCE public.up_users_role_links_id_seq OWNED BY public.up_users_role_links.id;


--
-- TOC entry 217 (class 1259 OID 16503)
-- Name: upload_folders; Type: TABLE; Schema: public; Owner: postgres
--

CREATE TABLE public.upload_folders (
    id integer NOT NULL,
    name character varying(255),
    path_id integer,
    path character varying(255),
    created_at timestamp(6) without time zone,
    updated_at timestamp(6) without time zone,
    created_by_id integer,
    updated_by_id integer
);


ALTER TABLE public.upload_folders OWNER TO postgres;

--
-- TOC entry 216 (class 1259 OID 16501)
-- Name: upload_folders_id_seq; Type: SEQUENCE; Schema: public; Owner: postgres
--

CREATE SEQUENCE public.upload_folders_id_seq
    AS integer
    START WITH 1
    INCREMENT BY 1
    NO MINVALUE
    NO MAXVALUE
    CACHE 1;


ALTER TABLE public.upload_folders_id_seq OWNER TO postgres;

--
-- TOC entry 3377 (class 0 OID 0)
-- Dependencies: 216
-- Name: upload_folders_id_seq; Type: SEQUENCE OWNED BY; Schema: public; Owner: postgres
--

ALTER SEQUENCE public.upload_folders_id_seq OWNED BY public.upload_folders.id;


--
-- TOC entry 237 (class 1259 OID 16634)
-- Name: upload_folders_parent_links; Type: TABLE; Schema: public; Owner: postgres
--

CREATE TABLE public.upload_folders_parent_links (
    id integer NOT NULL,
    folder_id integer,
    inv_folder_id integer,
    folder_order integer
);


ALTER TABLE public.upload_folders_parent_links OWNER TO postgres;

--
-- TOC entry 236 (class 1259 OID 16632)
-- Name: upload_folders_parent_links_id_seq; Type: SEQUENCE; Schema: public; Owner: postgres
--

CREATE SEQUENCE public.upload_folders_parent_links_id_seq
    AS integer
    START WITH 1
    INCREMENT BY 1
    NO MINVALUE
    NO MAXVALUE
    CACHE 1;


ALTER TABLE public.upload_folders_parent_links_id_seq OWNER TO postgres;

--
-- TOC entry 3378 (class 0 OID 0)
-- Dependencies: 236
-- Name: upload_folders_parent_links_id_seq; Type: SEQUENCE OWNED BY; Schema: public; Owner: postgres
--

ALTER SEQUENCE public.upload_folders_parent_links_id_seq OWNED BY public.upload_folders_parent_links.id;


--
-- TOC entry 2934 (class 2604 OID 16430)
-- Name: admin_permissions id; Type: DEFAULT; Schema: public; Owner: postgres
--

ALTER TABLE ONLY public.admin_permissions ALTER COLUMN id SET DEFAULT nextval('public.admin_permissions_id_seq'::regclass);


--
-- TOC entry 2945 (class 2604 OID 16572)
-- Name: admin_permissions_role_links id; Type: DEFAULT; Schema: public; Owner: postgres
--

ALTER TABLE ONLY public.admin_permissions_role_links ALTER COLUMN id SET DEFAULT nextval('public.admin_permissions_role_links_id_seq'::regclass);


--
-- TOC entry 2936 (class 2604 OID 16456)
-- Name: admin_roles id; Type: DEFAULT; Schema: public; Owner: postgres
--

ALTER TABLE ONLY public.admin_roles ALTER COLUMN id SET DEFAULT nextval('public.admin_roles_id_seq'::regclass);


--
-- TOC entry 2935 (class 2604 OID 16443)
-- Name: admin_users id; Type: DEFAULT; Schema: public; Owner: postgres
--

ALTER TABLE ONLY public.admin_users ALTER COLUMN id SET DEFAULT nextval('public.admin_users_id_seq'::regclass);


--
-- TOC entry 2946 (class 2604 OID 16585)
-- Name: admin_users_roles_links id; Type: DEFAULT; Schema: public; Owner: postgres
--

ALTER TABLE ONLY public.admin_users_roles_links ALTER COLUMN id SET DEFAULT nextval('public.admin_users_roles_links_id_seq'::regclass);


--
-- TOC entry 2955 (class 2604 OID 32840)
-- Name: components_blocks_hero_slider_items id; Type: DEFAULT; Schema: public; Owner: postgres
--

ALTER TABLE ONLY public.components_blocks_hero_slider_items ALTER COLUMN id SET DEFAULT nextval('public.components_blocks_hero_slider_items_id_seq'::regclass);


--
-- TOC entry 2957 (class 2604 OID 32859)
-- Name: components_blocks_hero_slider_items_components id; Type: DEFAULT; Schema: public; Owner: postgres
--

ALTER TABLE ONLY public.components_blocks_hero_slider_items_components ALTER COLUMN id SET DEFAULT nextval('public.components_blocks_hero_slider_items_components_id_seq'::regclass);


--
-- TOC entry 2956 (class 2604 OID 32851)
-- Name: components_blocks_hero_sliders id; Type: DEFAULT; Schema: public; Owner: postgres
--

ALTER TABLE ONLY public.components_blocks_hero_sliders ALTER COLUMN id SET DEFAULT nextval('public.components_blocks_hero_sliders_id_seq'::regclass);


--
-- TOC entry 2958 (class 2604 OID 32875)
-- Name: components_blocks_hero_sliders_components id; Type: DEFAULT; Schema: public; Owner: postgres
--

ALTER TABLE ONLY public.components_blocks_hero_sliders_components ALTER COLUMN id SET DEFAULT nextval('public.components_blocks_hero_sliders_components_id_seq'::regclass);


--
-- TOC entry 2953 (class 2604 OID 32777)
-- Name: components_shared_links id; Type: DEFAULT; Schema: public; Owner: postgres
--

ALTER TABLE ONLY public.components_shared_links ALTER COLUMN id SET DEFAULT nextval('public.components_shared_links_id_seq'::regclass);


--
-- TOC entry 2954 (class 2604 OID 32790)
-- Name: components_shared_seos id; Type: DEFAULT; Schema: public; Owner: postgres
--

ALTER TABLE ONLY public.components_shared_seos ALTER COLUMN id SET DEFAULT nextval('public.components_shared_seos_id_seq'::regclass);


--
-- TOC entry 2939 (class 2604 OID 16492)
-- Name: files id; Type: DEFAULT; Schema: public; Owner: postgres
--

ALTER TABLE ONLY public.files ALTER COLUMN id SET DEFAULT nextval('public.files_id_seq'::regclass);


--
-- TOC entry 2949 (class 2604 OID 16624)
-- Name: files_folder_links id; Type: DEFAULT; Schema: public; Owner: postgres
--

ALTER TABLE ONLY public.files_folder_links ALTER COLUMN id SET DEFAULT nextval('public.files_folder_links_id_seq'::regclass);


--
-- TOC entry 2948 (class 2604 OID 16612)
-- Name: files_related_morphs id; Type: DEFAULT; Schema: public; Owner: postgres
--

ALTER TABLE ONLY public.files_related_morphs ALTER COLUMN id SET DEFAULT nextval('public.files_related_morphs_id_seq'::regclass);


--
-- TOC entry 2959 (class 2604 OID 32904)
-- Name: home_pages id; Type: DEFAULT; Schema: public; Owner: postgres
--

ALTER TABLE ONLY public.home_pages ALTER COLUMN id SET DEFAULT nextval('public.home_pages_id_seq'::regclass);


--
-- TOC entry 2960 (class 2604 OID 32914)
-- Name: home_pages_components id; Type: DEFAULT; Schema: public; Owner: postgres
--

ALTER TABLE ONLY public.home_pages_components ALTER COLUMN id SET DEFAULT nextval('public.home_pages_components_id_seq'::regclass);


--
-- TOC entry 2961 (class 2604 OID 32930)
-- Name: home_pages_localizations_links id; Type: DEFAULT; Schema: public; Owner: postgres
--

ALTER TABLE ONLY public.home_pages_localizations_links ALTER COLUMN id SET DEFAULT nextval('public.home_pages_localizations_links_id_seq'::regclass);


--
-- TOC entry 2944 (class 2604 OID 16559)
-- Name: i18n_locale id; Type: DEFAULT; Schema: public; Owner: postgres
--

ALTER TABLE ONLY public.i18n_locale ALTER COLUMN id SET DEFAULT nextval('public.i18n_locale_id_seq'::regclass);


--
-- TOC entry 2938 (class 2604 OID 16482)
-- Name: strapi_api_token_permissions id; Type: DEFAULT; Schema: public; Owner: postgres
--

ALTER TABLE ONLY public.strapi_api_token_permissions ALTER COLUMN id SET DEFAULT nextval('public.strapi_api_token_permissions_id_seq'::regclass);


--
-- TOC entry 2947 (class 2604 OID 16599)
-- Name: strapi_api_token_permissions_token_links id; Type: DEFAULT; Schema: public; Owner: postgres
--

ALTER TABLE ONLY public.strapi_api_token_permissions_token_links ALTER COLUMN id SET DEFAULT nextval('public.strapi_api_token_permissions_token_links_id_seq'::regclass);


--
-- TOC entry 2937 (class 2604 OID 16469)
-- Name: strapi_api_tokens id; Type: DEFAULT; Schema: public; Owner: postgres
--

ALTER TABLE ONLY public.strapi_api_tokens ALTER COLUMN id SET DEFAULT nextval('public.strapi_api_tokens_id_seq'::regclass);


--
-- TOC entry 2932 (class 2604 OID 16408)
-- Name: strapi_core_store_settings id; Type: DEFAULT; Schema: public; Owner: postgres
--

ALTER TABLE ONLY public.strapi_core_store_settings ALTER COLUMN id SET DEFAULT nextval('public.strapi_core_store_settings_id_seq'::regclass);


--
-- TOC entry 2931 (class 2604 OID 16397)
-- Name: strapi_database_schema id; Type: DEFAULT; Schema: public; Owner: postgres
--

ALTER TABLE ONLY public.strapi_database_schema ALTER COLUMN id SET DEFAULT nextval('public.strapi_database_schema_id_seq'::regclass);


--
-- TOC entry 2930 (class 2604 OID 16389)
-- Name: strapi_migrations id; Type: DEFAULT; Schema: public; Owner: postgres
--

ALTER TABLE ONLY public.strapi_migrations ALTER COLUMN id SET DEFAULT nextval('public.strapi_migrations_id_seq'::regclass);


--
-- TOC entry 2933 (class 2604 OID 16419)
-- Name: strapi_webhooks id; Type: DEFAULT; Schema: public; Owner: postgres
--

ALTER TABLE ONLY public.strapi_webhooks ALTER COLUMN id SET DEFAULT nextval('public.strapi_webhooks_id_seq'::regclass);


--
-- TOC entry 2941 (class 2604 OID 16523)
-- Name: up_permissions id; Type: DEFAULT; Schema: public; Owner: postgres
--

ALTER TABLE ONLY public.up_permissions ALTER COLUMN id SET DEFAULT nextval('public.up_permissions_id_seq'::regclass);


--
-- TOC entry 2951 (class 2604 OID 16650)
-- Name: up_permissions_role_links id; Type: DEFAULT; Schema: public; Owner: postgres
--

ALTER TABLE ONLY public.up_permissions_role_links ALTER COLUMN id SET DEFAULT nextval('public.up_permissions_role_links_id_seq'::regclass);


--
-- TOC entry 2942 (class 2604 OID 16533)
-- Name: up_roles id; Type: DEFAULT; Schema: public; Owner: postgres
--

ALTER TABLE ONLY public.up_roles ALTER COLUMN id SET DEFAULT nextval('public.up_roles_id_seq'::regclass);


--
-- TOC entry 2943 (class 2604 OID 16546)
-- Name: up_users id; Type: DEFAULT; Schema: public; Owner: postgres
--

ALTER TABLE ONLY public.up_users ALTER COLUMN id SET DEFAULT nextval('public.up_users_id_seq'::regclass);


--
-- TOC entry 2952 (class 2604 OID 16663)
-- Name: up_users_role_links id; Type: DEFAULT; Schema: public; Owner: postgres
--

ALTER TABLE ONLY public.up_users_role_links ALTER COLUMN id SET DEFAULT nextval('public.up_users_role_links_id_seq'::regclass);


--
-- TOC entry 2940 (class 2604 OID 16506)
-- Name: upload_folders id; Type: DEFAULT; Schema: public; Owner: postgres
--

ALTER TABLE ONLY public.upload_folders ALTER COLUMN id SET DEFAULT nextval('public.upload_folders_id_seq'::regclass);


--
-- TOC entry 2950 (class 2604 OID 16637)
-- Name: upload_folders_parent_links id; Type: DEFAULT; Schema: public; Owner: postgres
--

ALTER TABLE ONLY public.upload_folders_parent_links ALTER COLUMN id SET DEFAULT nextval('public.upload_folders_parent_links_id_seq'::regclass);


--
-- TOC entry 3286 (class 0 OID 16427)
-- Dependencies: 205
-- Data for Name: admin_permissions; Type: TABLE DATA; Schema: public; Owner: postgres
--

INSERT INTO public.admin_permissions VALUES (1, 'plugin::upload.read', NULL, '{}', '[]', '2022-12-03 18:53:08.049', '2022-12-03 18:53:08.049', NULL, NULL);
INSERT INTO public.admin_permissions VALUES (2, 'plugin::upload.assets.create', NULL, '{}', '[]', '2022-12-03 18:53:08.081', '2022-12-03 18:53:08.081', NULL, NULL);
INSERT INTO public.admin_permissions VALUES (3, 'plugin::upload.assets.update', NULL, '{}', '[]', '2022-12-03 18:53:08.116', '2022-12-03 18:53:08.116', NULL, NULL);
INSERT INTO public.admin_permissions VALUES (4, 'plugin::upload.assets.download', NULL, '{}', '[]', '2022-12-03 18:53:08.142', '2022-12-03 18:53:08.142', NULL, NULL);
INSERT INTO public.admin_permissions VALUES (5, 'plugin::upload.assets.copy-link', NULL, '{}', '[]', '2022-12-03 18:53:08.165', '2022-12-03 18:53:08.165', NULL, NULL);
INSERT INTO public.admin_permissions VALUES (6, 'plugin::upload.read', NULL, '{}', '["admin::is-creator"]', '2022-12-03 18:53:08.194', '2022-12-03 18:53:08.194', NULL, NULL);
INSERT INTO public.admin_permissions VALUES (7, 'plugin::upload.assets.create', NULL, '{}', '[]', '2022-12-03 18:53:08.228', '2022-12-03 18:53:08.228', NULL, NULL);
INSERT INTO public.admin_permissions VALUES (8, 'plugin::upload.assets.update', NULL, '{}', '["admin::is-creator"]', '2022-12-03 18:53:08.266', '2022-12-03 18:53:08.266', NULL, NULL);
INSERT INTO public.admin_permissions VALUES (9, 'plugin::upload.assets.download', NULL, '{}', '[]', '2022-12-03 18:53:08.301', '2022-12-03 18:53:08.301', NULL, NULL);
INSERT INTO public.admin_permissions VALUES (10, 'plugin::upload.assets.copy-link', NULL, '{}', '[]', '2022-12-03 18:53:08.344', '2022-12-03 18:53:08.344', NULL, NULL);
INSERT INTO public.admin_permissions VALUES (11, 'plugin::content-manager.explorer.create', 'plugin::users-permissions.user', '{"fields": ["username", "email", "provider", "password", "resetPasswordToken", "confirmationToken", "confirmed", "blocked", "role"]}', '[]', '2022-12-03 18:53:08.447', '2022-12-03 18:53:08.447', NULL, NULL);
INSERT INTO public.admin_permissions VALUES (12, 'plugin::content-manager.explorer.read', 'plugin::users-permissions.user', '{"fields": ["username", "email", "provider", "password", "resetPasswordToken", "confirmationToken", "confirmed", "blocked", "role"]}', '[]', '2022-12-03 18:53:08.479', '2022-12-03 18:53:08.479', NULL, NULL);
INSERT INTO public.admin_permissions VALUES (13, 'plugin::content-manager.explorer.update', 'plugin::users-permissions.user', '{"fields": ["username", "email", "provider", "password", "resetPasswordToken", "confirmationToken", "confirmed", "blocked", "role"]}', '[]', '2022-12-03 18:53:08.51', '2022-12-03 18:53:08.51', NULL, NULL);
INSERT INTO public.admin_permissions VALUES (14, 'plugin::content-manager.explorer.delete', 'plugin::users-permissions.user', '{}', '[]', '2022-12-03 18:53:08.533', '2022-12-03 18:53:08.533', NULL, NULL);
INSERT INTO public.admin_permissions VALUES (15, 'plugin::content-manager.single-types.configure-view', NULL, '{}', '[]', '2022-12-03 18:53:08.559', '2022-12-03 18:53:08.559', NULL, NULL);
INSERT INTO public.admin_permissions VALUES (16, 'plugin::content-manager.collection-types.configure-view', NULL, '{}', '[]', '2022-12-03 18:53:08.581', '2022-12-03 18:53:08.581', NULL, NULL);
INSERT INTO public.admin_permissions VALUES (17, 'plugin::content-manager.components.configure-layout', NULL, '{}', '[]', '2022-12-03 18:53:08.603', '2022-12-03 18:53:08.603', NULL, NULL);
INSERT INTO public.admin_permissions VALUES (18, 'plugin::content-type-builder.read', NULL, '{}', '[]', '2022-12-03 18:53:08.633', '2022-12-03 18:53:08.633', NULL, NULL);
INSERT INTO public.admin_permissions VALUES (19, 'plugin::email.settings.read', NULL, '{}', '[]', '2022-12-03 18:53:08.66', '2022-12-03 18:53:08.66', NULL, NULL);
INSERT INTO public.admin_permissions VALUES (20, 'plugin::upload.read', NULL, '{}', '[]', '2022-12-03 18:53:08.682', '2022-12-03 18:53:08.682', NULL, NULL);
INSERT INTO public.admin_permissions VALUES (21, 'plugin::upload.assets.create', NULL, '{}', '[]', '2022-12-03 18:53:08.713', '2022-12-03 18:53:08.713', NULL, NULL);
INSERT INTO public.admin_permissions VALUES (22, 'plugin::upload.assets.update', NULL, '{}', '[]', '2022-12-03 18:53:08.758', '2022-12-03 18:53:08.758', NULL, NULL);
INSERT INTO public.admin_permissions VALUES (23, 'plugin::upload.assets.download', NULL, '{}', '[]', '2022-12-03 18:53:08.789', '2022-12-03 18:53:08.789', NULL, NULL);
INSERT INTO public.admin_permissions VALUES (24, 'plugin::upload.assets.copy-link', NULL, '{}', '[]', '2022-12-03 18:53:08.823', '2022-12-03 18:53:08.823', NULL, NULL);
INSERT INTO public.admin_permissions VALUES (25, 'plugin::upload.settings.read', NULL, '{}', '[]', '2022-12-03 18:53:08.85', '2022-12-03 18:53:08.85', NULL, NULL);
INSERT INTO public.admin_permissions VALUES (26, 'plugin::users-permissions.roles.create', NULL, '{}', '[]', '2022-12-03 18:53:08.879', '2022-12-03 18:53:08.879', NULL, NULL);
INSERT INTO public.admin_permissions VALUES (27, 'plugin::users-permissions.roles.read', NULL, '{}', '[]', '2022-12-03 18:53:08.909', '2022-12-03 18:53:08.909', NULL, NULL);
INSERT INTO public.admin_permissions VALUES (28, 'plugin::users-permissions.roles.update', NULL, '{}', '[]', '2022-12-03 18:53:08.939', '2022-12-03 18:53:08.939', NULL, NULL);
INSERT INTO public.admin_permissions VALUES (29, 'plugin::users-permissions.roles.delete', NULL, '{}', '[]', '2022-12-03 18:53:08.973', '2022-12-03 18:53:08.973', NULL, NULL);
INSERT INTO public.admin_permissions VALUES (30, 'plugin::users-permissions.providers.read', NULL, '{}', '[]', '2022-12-03 18:53:09.008', '2022-12-03 18:53:09.008', NULL, NULL);
INSERT INTO public.admin_permissions VALUES (31, 'plugin::users-permissions.providers.update', NULL, '{}', '[]', '2022-12-03 18:53:09.038', '2022-12-03 18:53:09.038', NULL, NULL);
INSERT INTO public.admin_permissions VALUES (32, 'plugin::users-permissions.email-templates.read', NULL, '{}', '[]', '2022-12-03 18:53:09.062', '2022-12-03 18:53:09.062', NULL, NULL);
INSERT INTO public.admin_permissions VALUES (33, 'plugin::users-permissions.email-templates.update', NULL, '{}', '[]', '2022-12-03 18:53:09.094', '2022-12-03 18:53:09.094', NULL, NULL);
INSERT INTO public.admin_permissions VALUES (34, 'plugin::users-permissions.advanced-settings.read', NULL, '{}', '[]', '2022-12-03 18:53:09.118', '2022-12-03 18:53:09.118', NULL, NULL);
INSERT INTO public.admin_permissions VALUES (35, 'plugin::users-permissions.advanced-settings.update', NULL, '{}', '[]', '2022-12-03 18:53:09.145', '2022-12-03 18:53:09.145', NULL, NULL);
INSERT INTO public.admin_permissions VALUES (36, 'plugin::i18n.locale.create', NULL, '{}', '[]', '2022-12-03 18:53:09.168', '2022-12-03 18:53:09.168', NULL, NULL);
INSERT INTO public.admin_permissions VALUES (37, 'plugin::i18n.locale.read', NULL, '{}', '[]', '2022-12-03 18:53:09.201', '2022-12-03 18:53:09.201', NULL, NULL);
INSERT INTO public.admin_permissions VALUES (38, 'plugin::i18n.locale.update', NULL, '{}', '[]', '2022-12-03 18:53:09.235', '2022-12-03 18:53:09.235', NULL, NULL);
INSERT INTO public.admin_permissions VALUES (39, 'plugin::i18n.locale.delete', NULL, '{}', '[]', '2022-12-03 18:53:09.269', '2022-12-03 18:53:09.269', NULL, NULL);
INSERT INTO public.admin_permissions VALUES (40, 'admin::marketplace.read', NULL, '{}', '[]', '2022-12-03 18:53:09.304', '2022-12-03 18:53:09.304', NULL, NULL);
INSERT INTO public.admin_permissions VALUES (41, 'admin::marketplace.plugins.install', NULL, '{}', '[]', '2022-12-03 18:53:09.335', '2022-12-03 18:53:09.335', NULL, NULL);
INSERT INTO public.admin_permissions VALUES (42, 'admin::marketplace.plugins.uninstall', NULL, '{}', '[]', '2022-12-03 18:53:09.369', '2022-12-03 18:53:09.369', NULL, NULL);
INSERT INTO public.admin_permissions VALUES (43, 'admin::webhooks.create', NULL, '{}', '[]', '2022-12-03 18:53:09.408', '2022-12-03 18:53:09.408', NULL, NULL);
INSERT INTO public.admin_permissions VALUES (44, 'admin::webhooks.read', NULL, '{}', '[]', '2022-12-03 18:53:09.447', '2022-12-03 18:53:09.447', NULL, NULL);
INSERT INTO public.admin_permissions VALUES (45, 'admin::webhooks.update', NULL, '{}', '[]', '2022-12-03 18:53:09.481', '2022-12-03 18:53:09.481', NULL, NULL);
INSERT INTO public.admin_permissions VALUES (46, 'admin::webhooks.delete', NULL, '{}', '[]', '2022-12-03 18:53:09.512', '2022-12-03 18:53:09.512', NULL, NULL);
INSERT INTO public.admin_permissions VALUES (47, 'admin::users.create', NULL, '{}', '[]', '2022-12-03 18:53:09.55', '2022-12-03 18:53:09.55', NULL, NULL);
INSERT INTO public.admin_permissions VALUES (48, 'admin::users.read', NULL, '{}', '[]', '2022-12-03 18:53:09.587', '2022-12-03 18:53:09.587', NULL, NULL);
INSERT INTO public.admin_permissions VALUES (49, 'admin::users.update', NULL, '{}', '[]', '2022-12-03 18:53:09.619', '2022-12-03 18:53:09.619', NULL, NULL);
INSERT INTO public.admin_permissions VALUES (50, 'admin::users.delete', NULL, '{}', '[]', '2022-12-03 18:53:09.645', '2022-12-03 18:53:09.645', NULL, NULL);
INSERT INTO public.admin_permissions VALUES (51, 'admin::roles.create', NULL, '{}', '[]', '2022-12-03 18:53:09.685', '2022-12-03 18:53:09.685', NULL, NULL);
INSERT INTO public.admin_permissions VALUES (52, 'admin::roles.read', NULL, '{}', '[]', '2022-12-03 18:53:09.718', '2022-12-03 18:53:09.718', NULL, NULL);
INSERT INTO public.admin_permissions VALUES (53, 'admin::roles.update', NULL, '{}', '[]', '2022-12-03 18:53:09.753', '2022-12-03 18:53:09.753', NULL, NULL);
INSERT INTO public.admin_permissions VALUES (54, 'admin::roles.delete', NULL, '{}', '[]', '2022-12-03 18:53:09.782', '2022-12-03 18:53:09.782', NULL, NULL);
INSERT INTO public.admin_permissions VALUES (55, 'admin::api-tokens.access', NULL, '{}', '[]', '2022-12-03 18:53:09.812', '2022-12-03 18:53:09.812', NULL, NULL);
INSERT INTO public.admin_permissions VALUES (56, 'admin::api-tokens.create', NULL, '{}', '[]', '2022-12-03 18:53:09.856', '2022-12-03 18:53:09.856', NULL, NULL);
INSERT INTO public.admin_permissions VALUES (57, 'admin::api-tokens.read', NULL, '{}', '[]', '2022-12-03 18:53:09.892', '2022-12-03 18:53:09.892', NULL, NULL);
INSERT INTO public.admin_permissions VALUES (58, 'admin::api-tokens.update', NULL, '{}', '[]', '2022-12-03 18:53:09.925', '2022-12-03 18:53:09.925', NULL, NULL);
INSERT INTO public.admin_permissions VALUES (59, 'admin::api-tokens.regenerate', NULL, '{}', '[]', '2022-12-03 18:53:09.962', '2022-12-03 18:53:09.962', NULL, NULL);
INSERT INTO public.admin_permissions VALUES (60, 'admin::api-tokens.delete', NULL, '{}', '[]', '2022-12-03 18:53:09.995', '2022-12-03 18:53:09.995', NULL, NULL);
INSERT INTO public.admin_permissions VALUES (61, 'admin::project-settings.update', NULL, '{}', '[]', '2022-12-03 18:53:10.036', '2022-12-03 18:53:10.036', NULL, NULL);
INSERT INTO public.admin_permissions VALUES (62, 'admin::project-settings.read', NULL, '{}', '[]', '2022-12-03 18:53:10.067', '2022-12-03 18:53:10.067', NULL, NULL);
INSERT INTO public.admin_permissions VALUES (65, 'plugin::content-manager.explorer.update', 'api::home-page.home-page', '{"fields": ["seo.metaTitle", "seo.metaDescription", "heroSlider.heroSliderItems.image", "heroSlider.heroSliderItems.title", "heroSlider.heroSliderItems.text", "heroSlider.heroSliderItems.cta.href", "heroSlider.heroSliderItems.cta.label", "heroSlider.heroSliderItems.cta.target", "heroSlider.heroSliderItems.cta.isExternal"], "locales": ["en", "pl", "de"]}', '[]', '2022-12-03 21:47:40.5', '2022-12-03 21:47:40.5', NULL, NULL);
INSERT INTO public.admin_permissions VALUES (63, 'plugin::content-manager.explorer.create', 'api::home-page.home-page', '{"fields": ["seo.metaTitle", "seo.metaDescription", "heroSlider.heroSliderItems.image", "heroSlider.heroSliderItems.title", "heroSlider.heroSliderItems.text", "heroSlider.heroSliderItems.cta.href", "heroSlider.heroSliderItems.cta.label", "heroSlider.heroSliderItems.cta.target", "heroSlider.heroSliderItems.cta.isExternal"], "locales": ["en", "pl", "de"]}', '[]', '2022-12-03 21:47:40.513', '2022-12-03 21:47:40.513', NULL, NULL);
INSERT INTO public.admin_permissions VALUES (66, 'plugin::content-manager.explorer.delete', 'api::home-page.home-page', '{"locales": ["en", "pl", "de"]}', '[]', '2022-12-03 21:47:40.525', '2022-12-03 21:47:40.525', NULL, NULL);
INSERT INTO public.admin_permissions VALUES (67, 'plugin::content-manager.explorer.publish', 'api::home-page.home-page', '{"locales": ["en", "pl", "de"]}', '[]', '2022-12-03 21:47:40.536', '2022-12-03 21:47:40.536', NULL, NULL);
INSERT INTO public.admin_permissions VALUES (64, 'plugin::content-manager.explorer.read', 'api::home-page.home-page', '{"fields": ["seo.metaTitle", "seo.metaDescription", "heroSlider.heroSliderItems.image", "heroSlider.heroSliderItems.title", "heroSlider.heroSliderItems.text", "heroSlider.heroSliderItems.cta.href", "heroSlider.heroSliderItems.cta.label", "heroSlider.heroSliderItems.cta.target", "heroSlider.heroSliderItems.cta.isExternal"], "locales": ["en", "pl", "de"]}', '[]', '2022-12-03 21:47:40.55', '2022-12-03 21:47:40.55', NULL, NULL);


--
-- TOC entry 3308 (class 0 OID 16569)
-- Dependencies: 227
-- Data for Name: admin_permissions_role_links; Type: TABLE DATA; Schema: public; Owner: postgres
--

INSERT INTO public.admin_permissions_role_links VALUES (1, 1, 2, 1);
INSERT INTO public.admin_permissions_role_links VALUES (2, 2, 2, 2);
INSERT INTO public.admin_permissions_role_links VALUES (3, 3, 2, 3);
INSERT INTO public.admin_permissions_role_links VALUES (4, 4, 2, 4);
INSERT INTO public.admin_permissions_role_links VALUES (5, 5, 2, 5);
INSERT INTO public.admin_permissions_role_links VALUES (6, 6, 3, 1);
INSERT INTO public.admin_permissions_role_links VALUES (7, 7, 3, 2);
INSERT INTO public.admin_permissions_role_links VALUES (8, 8, 3, 3);
INSERT INTO public.admin_permissions_role_links VALUES (9, 9, 3, 4);
INSERT INTO public.admin_permissions_role_links VALUES (10, 10, 3, 5);
INSERT INTO public.admin_permissions_role_links VALUES (11, 11, 1, 1);
INSERT INTO public.admin_permissions_role_links VALUES (12, 12, 1, 2);
INSERT INTO public.admin_permissions_role_links VALUES (13, 13, 1, 3);
INSERT INTO public.admin_permissions_role_links VALUES (14, 14, 1, 4);
INSERT INTO public.admin_permissions_role_links VALUES (15, 15, 1, 5);
INSERT INTO public.admin_permissions_role_links VALUES (16, 16, 1, 6);
INSERT INTO public.admin_permissions_role_links VALUES (17, 17, 1, 7);
INSERT INTO public.admin_permissions_role_links VALUES (18, 18, 1, 8);
INSERT INTO public.admin_permissions_role_links VALUES (19, 19, 1, 9);
INSERT INTO public.admin_permissions_role_links VALUES (20, 20, 1, 10);
INSERT INTO public.admin_permissions_role_links VALUES (21, 21, 1, 11);
INSERT INTO public.admin_permissions_role_links VALUES (22, 22, 1, 12);
INSERT INTO public.admin_permissions_role_links VALUES (23, 23, 1, 13);
INSERT INTO public.admin_permissions_role_links VALUES (24, 24, 1, 14);
INSERT INTO public.admin_permissions_role_links VALUES (25, 25, 1, 15);
INSERT INTO public.admin_permissions_role_links VALUES (26, 26, 1, 16);
INSERT INTO public.admin_permissions_role_links VALUES (27, 27, 1, 17);
INSERT INTO public.admin_permissions_role_links VALUES (28, 28, 1, 18);
INSERT INTO public.admin_permissions_role_links VALUES (29, 29, 1, 19);
INSERT INTO public.admin_permissions_role_links VALUES (30, 30, 1, 20);
INSERT INTO public.admin_permissions_role_links VALUES (31, 31, 1, 21);
INSERT INTO public.admin_permissions_role_links VALUES (32, 32, 1, 22);
INSERT INTO public.admin_permissions_role_links VALUES (33, 33, 1, 23);
INSERT INTO public.admin_permissions_role_links VALUES (34, 34, 1, 24);
INSERT INTO public.admin_permissions_role_links VALUES (35, 35, 1, 25);
INSERT INTO public.admin_permissions_role_links VALUES (36, 36, 1, 26);
INSERT INTO public.admin_permissions_role_links VALUES (37, 37, 1, 27);
INSERT INTO public.admin_permissions_role_links VALUES (38, 38, 1, 28);
INSERT INTO public.admin_permissions_role_links VALUES (39, 39, 1, 29);
INSERT INTO public.admin_permissions_role_links VALUES (40, 40, 1, 30);
INSERT INTO public.admin_permissions_role_links VALUES (41, 41, 1, 31);
INSERT INTO public.admin_permissions_role_links VALUES (42, 42, 1, 32);
INSERT INTO public.admin_permissions_role_links VALUES (43, 43, 1, 33);
INSERT INTO public.admin_permissions_role_links VALUES (44, 44, 1, 34);
INSERT INTO public.admin_permissions_role_links VALUES (45, 45, 1, 35);
INSERT INTO public.admin_permissions_role_links VALUES (46, 46, 1, 36);
INSERT INTO public.admin_permissions_role_links VALUES (47, 47, 1, 37);
INSERT INTO public.admin_permissions_role_links VALUES (48, 48, 1, 38);
INSERT INTO public.admin_permissions_role_links VALUES (49, 49, 1, 39);
INSERT INTO public.admin_permissions_role_links VALUES (50, 50, 1, 40);
INSERT INTO public.admin_permissions_role_links VALUES (51, 51, 1, 41);
INSERT INTO public.admin_permissions_role_links VALUES (52, 52, 1, 42);
INSERT INTO public.admin_permissions_role_links VALUES (53, 53, 1, 43);
INSERT INTO public.admin_permissions_role_links VALUES (54, 54, 1, 44);
INSERT INTO public.admin_permissions_role_links VALUES (55, 55, 1, 45);
INSERT INTO public.admin_permissions_role_links VALUES (56, 56, 1, 46);
INSERT INTO public.admin_permissions_role_links VALUES (57, 57, 1, 47);
INSERT INTO public.admin_permissions_role_links VALUES (58, 58, 1, 48);
INSERT INTO public.admin_permissions_role_links VALUES (59, 59, 1, 49);
INSERT INTO public.admin_permissions_role_links VALUES (60, 60, 1, 50);
INSERT INTO public.admin_permissions_role_links VALUES (61, 61, 1, 51);
INSERT INTO public.admin_permissions_role_links VALUES (62, 62, 1, 52);
INSERT INTO public.admin_permissions_role_links VALUES (73, 65, 1, 53);
INSERT INTO public.admin_permissions_role_links VALUES (74, 63, 1, 54);
INSERT INTO public.admin_permissions_role_links VALUES (75, 66, 1, 55);
INSERT INTO public.admin_permissions_role_links VALUES (76, 67, 1, 56);
INSERT INTO public.admin_permissions_role_links VALUES (77, 64, 1, 57);


--
-- TOC entry 3290 (class 0 OID 16453)
-- Dependencies: 209
-- Data for Name: admin_roles; Type: TABLE DATA; Schema: public; Owner: postgres
--

INSERT INTO public.admin_roles VALUES (1, 'Super Admin', 'strapi-super-admin', 'Super Admins can access and manage all features and settings.', '2022-12-03 18:53:07.975', '2022-12-03 18:53:07.975', NULL, NULL);
INSERT INTO public.admin_roles VALUES (2, 'Editor', 'strapi-editor', 'Editors can manage and publish contents including those of other users.', '2022-12-03 18:53:08.006', '2022-12-03 18:53:08.006', NULL, NULL);
INSERT INTO public.admin_roles VALUES (3, 'Author', 'strapi-author', 'Authors can manage the content they have created.', '2022-12-03 18:53:08.028', '2022-12-03 18:53:08.028', NULL, NULL);


--
-- TOC entry 3288 (class 0 OID 16440)
-- Dependencies: 207
-- Data for Name: admin_users; Type: TABLE DATA; Schema: public; Owner: postgres
--

INSERT INTO public.admin_users VALUES (1, 'Admin', 'Admin', NULL, 'admin@admin.com', '$2a$10$o92bvmZBrZnEAJ2lxR99XOTohEIWW09rJv7KHk6MTKe943qwVNcGi', NULL, NULL, true, false, NULL, '2022-12-03 19:07:30.153', '2022-12-03 19:07:30.153', NULL, NULL);


--
-- TOC entry 3310 (class 0 OID 16582)
-- Dependencies: 229
-- Data for Name: admin_users_roles_links; Type: TABLE DATA; Schema: public; Owner: postgres
--

INSERT INTO public.admin_users_roles_links VALUES (1, 1, 1, 1, 1);


--
-- TOC entry 3328 (class 0 OID 32837)
-- Dependencies: 247
-- Data for Name: components_blocks_hero_slider_items; Type: TABLE DATA; Schema: public; Owner: postgres
--

INSERT INTO public.components_blocks_hero_slider_items VALUES (1, 'Browse modern sectionals', NULL);
INSERT INTO public.components_blocks_hero_slider_items VALUES (2, 'Discover comfortable beds', NULL);
INSERT INTO public.components_blocks_hero_slider_items VALUES (36, 'Browse best lounge suites', NULL);
INSERT INTO public.components_blocks_hero_slider_items VALUES (35, 'Shop best armchairs', NULL);
INSERT INTO public.components_blocks_hero_slider_items VALUES (37, 'Suchen Sie beste Ecksofas durch', NULL);
INSERT INTO public.components_blocks_hero_slider_items VALUES (38, 'Entdecken Sie bequeme Betten', NULL);
INSERT INTO public.components_blocks_hero_slider_items VALUES (39, 'Kaufen Sie neuste Sessel', NULL);
INSERT INTO public.components_blocks_hero_slider_items VALUES (40, 'Suchen Sie Sitzgruppen durch', NULL);
INSERT INTO public.components_blocks_hero_slider_items VALUES (41, 'Odkrywaj komfortowe ka', NULL);
INSERT INTO public.components_blocks_hero_slider_items VALUES (42, 'Kup idealne fotele', NULL);
INSERT INTO public.components_blocks_hero_slider_items VALUES (43, 'Przegldaj stylowe naroniki', NULL);
INSERT INTO public.components_blocks_hero_slider_items VALUES (44, 'Przegldaj zestawy meblowe', NULL);


--
-- TOC entry 3332 (class 0 OID 32856)
-- Dependencies: 251
-- Data for Name: components_blocks_hero_slider_items_components; Type: TABLE DATA; Schema: public; Owner: postgres
--

INSERT INTO public.components_blocks_hero_slider_items_components VALUES (1, 1, 1, 'shared.link', 'cta', NULL);
INSERT INTO public.components_blocks_hero_slider_items_components VALUES (2, 2, 2, 'shared.link', 'cta', NULL);
INSERT INTO public.components_blocks_hero_slider_items_components VALUES (35, 35, 35, 'shared.link', 'cta', NULL);
INSERT INTO public.components_blocks_hero_slider_items_components VALUES (38, 36, 36, 'shared.link', 'cta', NULL);
INSERT INTO public.components_blocks_hero_slider_items_components VALUES (46, 37, 37, 'shared.link', 'cta', NULL);
INSERT INTO public.components_blocks_hero_slider_items_components VALUES (47, 38, 39, 'shared.link', 'cta', NULL);
INSERT INTO public.components_blocks_hero_slider_items_components VALUES (48, 39, 38, 'shared.link', 'cta', NULL);
INSERT INTO public.components_blocks_hero_slider_items_components VALUES (49, 40, 40, 'shared.link', 'cta', NULL);
INSERT INTO public.components_blocks_hero_slider_items_components VALUES (50, 41, 41, 'shared.link', 'cta', NULL);
INSERT INTO public.components_blocks_hero_slider_items_components VALUES (51, 42, 42, 'shared.link', 'cta', NULL);
INSERT INTO public.components_blocks_hero_slider_items_components VALUES (52, 43, 43, 'shared.link', 'cta', NULL);
INSERT INTO public.components_blocks_hero_slider_items_components VALUES (53, 44, 44, 'shared.link', 'cta', NULL);


--
-- TOC entry 3330 (class 0 OID 32848)
-- Dependencies: 249
-- Data for Name: components_blocks_hero_sliders; Type: TABLE DATA; Schema: public; Owner: postgres
--

INSERT INTO public.components_blocks_hero_sliders VALUES (1);
INSERT INTO public.components_blocks_hero_sliders VALUES (2);
INSERT INTO public.components_blocks_hero_sliders VALUES (3);


--
-- TOC entry 3334 (class 0 OID 32872)
-- Dependencies: 253
-- Data for Name: components_blocks_hero_sliders_components; Type: TABLE DATA; Schema: public; Owner: postgres
--

INSERT INTO public.components_blocks_hero_sliders_components VALUES (1, 1, 1, 'blocks.hero-slider-item', 'heroSliderItems', 1);
INSERT INTO public.components_blocks_hero_sliders_components VALUES (3, 1, 2, 'blocks.hero-slider-item', 'heroSliderItems', 2);
INSERT INTO public.components_blocks_hero_sliders_components VALUES (37, 1, 35, 'blocks.hero-slider-item', 'heroSliderItems', 3);
INSERT INTO public.components_blocks_hero_sliders_components VALUES (41, 1, 36, 'blocks.hero-slider-item', 'heroSliderItems', 4);
INSERT INTO public.components_blocks_hero_sliders_components VALUES (46, 2, 37, 'blocks.hero-slider-item', 'heroSliderItems', 1);
INSERT INTO public.components_blocks_hero_sliders_components VALUES (47, 2, 38, 'blocks.hero-slider-item', 'heroSliderItems', 2);
INSERT INTO public.components_blocks_hero_sliders_components VALUES (48, 2, 39, 'blocks.hero-slider-item', 'heroSliderItems', 3);
INSERT INTO public.components_blocks_hero_sliders_components VALUES (49, 2, 40, 'blocks.hero-slider-item', 'heroSliderItems', 4);
INSERT INTO public.components_blocks_hero_sliders_components VALUES (50, 3, 43, 'blocks.hero-slider-item', 'heroSliderItems', 1);
INSERT INTO public.components_blocks_hero_sliders_components VALUES (51, 3, 41, 'blocks.hero-slider-item', 'heroSliderItems', 2);
INSERT INTO public.components_blocks_hero_sliders_components VALUES (52, 3, 42, 'blocks.hero-slider-item', 'heroSliderItems', 3);
INSERT INTO public.components_blocks_hero_sliders_components VALUES (53, 3, 44, 'blocks.hero-slider-item', 'heroSliderItems', 4);


--
-- TOC entry 3324 (class 0 OID 32774)
-- Dependencies: 243
-- Data for Name: components_shared_links; Type: TABLE DATA; Schema: public; Owner: postgres
--

INSERT INTO public.components_shared_links VALUES (2, 'en/Products/Category/Index/1b4a61fb-cdda-45b2-a4d6-92a27acdf833', 'Discover', NULL, false);
INSERT INTO public.components_shared_links VALUES (1, 'en/Products/Category/Index/c8fc3b79-c17f-4ac8-99a8-e02619ed17ec', 'Browse', NULL, false);
INSERT INTO public.components_shared_links VALUES (35, 'en/Products/Category/Index/b89c7c6c-a4f2-442b-8813-51c39291aa4e', 'Shop now', NULL, false);
INSERT INTO public.components_shared_links VALUES (36, 'en/Products/Category/Index/c8fc3b79-c17f-4ac8-99a8-e02619ed17ec', 'Browse', NULL, false);
INSERT INTO public.components_shared_links VALUES (37, 'de/Products/Category/Index/4d54153b-10a6-4bf7-9a44-a38759d8be53', 'Durchsuchen', NULL, false);
INSERT INTO public.components_shared_links VALUES (38, 'de/Products/Category/Index/b89c7c6c-a4f2-442b-8813-51c39291aa4e', 'Jetzt einkaufen', NULL, false);
INSERT INTO public.components_shared_links VALUES (39, 'de/Products/Category/Index/1b4a61fb-cdda-45b2-a4d6-92a27acdf833', 'Entdecken', NULL, false);
INSERT INTO public.components_shared_links VALUES (40, 'de/Products/Category/Index/c8fc3b79-c17f-4ac8-99a8-e02619ed17ec', 'Durchsuchen', NULL, false);
INSERT INTO public.components_shared_links VALUES (41, 'pl/Products/Category/Index/1b4a61fb-cdda-45b2-a4d6-92a27acdf833', 'Odkrywaj produkty', NULL, false);
INSERT INTO public.components_shared_links VALUES (42, 'pl/Products/Category/Index/b89c7c6c-a4f2-442b-8813-51c39291aa4e', 'Zapoznaj si z ofert', NULL, false);
INSERT INTO public.components_shared_links VALUES (43, 'pl/Products/Category/Index/4d54153b-10a6-4bf7-9a44-a38759d8be53', 'Przegldaj produkty', NULL, false);
INSERT INTO public.components_shared_links VALUES (44, 'pl/Products/Category/Index/c8fc3b79-c17f-4ac8-99a8-e02619ed17ec', 'Przegldaj produkty', NULL, false);


--
-- TOC entry 3326 (class 0 OID 32787)
-- Dependencies: 245
-- Data for Name: components_shared_seos; Type: TABLE DATA; Schema: public; Owner: postgres
--

INSERT INTO public.components_shared_seos VALUES (1, 'Home Page', 'Best furniture in Poland');
INSERT INTO public.components_shared_seos VALUES (2, 'Hauptseite', 'Beste Mbel in Polen');
INSERT INTO public.components_shared_seos VALUES (3, 'Strona gwna', 'Najlepsze meble w Polsce');


--
-- TOC entry 3296 (class 0 OID 16489)
-- Dependencies: 215
-- Data for Name: files; Type: TABLE DATA; Schema: public; Owner: postgres
--

INSERT INTO public.files VALUES (2, 'Boxsprings.jpg', NULL, NULL, 1920, 400, '{"thumbnail": {"ext": ".jpg", "url": "http://host.docker.internal:5131/api/v1/files/21513405-c949-4373-638b-08dad6fb1755", "hash": "thumbnail_Boxsprings_3e82841063", "mime": "image/jpeg", "name": "thumbnail_Boxsprings.jpg", "path": "http://host.docker.internal:5131/api/v1/files/21513405-c949-4373-638b-08dad6fb1755", "size": 3.54, "width": 245, "height": 51}}', 'Boxsprings_3e82841063', '.jpg', 'image/jpeg', 412.77, 'http://host.docker.internal:5131/api/v1/files/3d206600-4d0d-4bb0-880a-90ba85bbaeb5', NULL, 'giuru', NULL, '/', '2022-12-05 19:58:34.579', '2022-12-05 19:58:34.579', 1, 1);
INSERT INTO public.files VALUES (35, 'Chairs.jpg', NULL, NULL, 1920, 400, '{"thumbnail": {"ext": ".jpg", "url": "http://host.docker.internal:5131/api/v1/files/b0447096-c28f-4b43-418c-08dad6fba714", "hash": "thumbnail_Chairs_a6e41e5455", "mime": "image/jpeg", "name": "thumbnail_Chairs.jpg", "path": "http://host.docker.internal:5131/api/v1/files/b0447096-c28f-4b43-418c-08dad6fba714", "size": 3.51, "width": 245, "height": 51}}', 'Chairs_a6e41e5455', '.jpg', 'image/jpeg', 369.34, 'http://host.docker.internal:5131/api/v1/files/09e85fba-f63a-45e2-87ab-12e3b78ed650', NULL, 'giuru', NULL, '/', '2022-12-05 20:02:35.686', '2022-12-05 20:02:35.686', 1, 1);
INSERT INTO public.files VALUES (1, 'Corners.jpg', 'Corners', 'Corners', 1920, 400, '{"thumbnail": {"ext": ".jpg", "url": "http://host.docker.internal:5131/api/v1/files/d38e121d-2894-424f-2561-08dad632acc2", "hash": "thumbnail_Corners_8db064ba69", "mime": "image/jpeg", "name": "thumbnail_Corners.jpg", "path": "http://host.docker.internal:5131/api/v1/files/d38e121d-2894-424f-2561-08dad632acc2", "size": 3.45, "width": 245, "height": 51}}', 'Corners_8db064ba69', '.jpg', 'image/jpeg', 427.82, 'http://host.docker.internal:5131/api/v1/files/19221400-3812-49b6-a8d7-fb8bc8223919', NULL, 'giuru', NULL, '/', '2022-12-04 20:03:56.224', '2022-12-05 20:08:13.66', 1, 1);
INSERT INTO public.files VALUES (36, 'Sets.jpg', NULL, NULL, 1920, 400, '{"thumbnail": {"ext": ".jpg", "url": "http://host.docker.internal:5131/api/v1/files/f9098ca7-75a8-4241-418d-08dad6fba714", "hash": "thumbnail_Sets_206b71cb19", "mime": "image/jpeg", "name": "thumbnail_Sets.jpg", "path": "http://host.docker.internal:5131/api/v1/files/f9098ca7-75a8-4241-418d-08dad6fba714", "size": 3.53, "width": 245, "height": 51}}', 'Sets_206b71cb19', '.jpg', 'image/jpeg', 160.13, 'http://host.docker.internal:5131/api/v1/files/4c299e20-c8c5-47e1-bbe3-c308e8bd4478', NULL, 'giuru', NULL, '/', '2022-12-05 20:04:23.445', '2022-12-05 20:15:11.906', 1, 1);


--
-- TOC entry 3316 (class 0 OID 16621)
-- Dependencies: 235
-- Data for Name: files_folder_links; Type: TABLE DATA; Schema: public; Owner: postgres
--



--
-- TOC entry 3314 (class 0 OID 16609)
-- Dependencies: 233
-- Data for Name: files_related_morphs; Type: TABLE DATA; Schema: public; Owner: postgres
--

INSERT INTO public.files_related_morphs VALUES (42, 1, 1, 'blocks.hero-slider-item', 'image', 1);
INSERT INTO public.files_related_morphs VALUES (43, 36, 36, 'blocks.hero-slider-item', 'image', 1);
INSERT INTO public.files_related_morphs VALUES (44, 2, 2, 'blocks.hero-slider-item', 'image', 1);
INSERT INTO public.files_related_morphs VALUES (45, 35, 35, 'blocks.hero-slider-item', 'image', 1);
INSERT INTO public.files_related_morphs VALUES (46, 1, 37, 'blocks.hero-slider-item', 'image', 1);
INSERT INTO public.files_related_morphs VALUES (47, 2, 38, 'blocks.hero-slider-item', 'image', 1);
INSERT INTO public.files_related_morphs VALUES (48, 35, 39, 'blocks.hero-slider-item', 'image', 1);
INSERT INTO public.files_related_morphs VALUES (49, 36, 40, 'blocks.hero-slider-item', 'image', 1);
INSERT INTO public.files_related_morphs VALUES (50, 2, 41, 'blocks.hero-slider-item', 'image', 1);
INSERT INTO public.files_related_morphs VALUES (51, 35, 42, 'blocks.hero-slider-item', 'image', 1);
INSERT INTO public.files_related_morphs VALUES (52, 1, 43, 'blocks.hero-slider-item', 'image', 1);
INSERT INTO public.files_related_morphs VALUES (53, 36, 44, 'blocks.hero-slider-item', 'image', 1);


--
-- TOC entry 3336 (class 0 OID 32901)
-- Dependencies: 255
-- Data for Name: home_pages; Type: TABLE DATA; Schema: public; Owner: postgres
--

INSERT INTO public.home_pages VALUES (1, '2022-12-04 20:06:54.7', '2022-12-05 20:15:20.493', '2022-12-04 20:22:36.976', 1, 1, 'en');
INSERT INTO public.home_pages VALUES (2, '2022-12-05 20:11:41.797', '2022-12-05 20:15:20.494', '2022-12-05 20:11:44.733', 1, 1, 'de');
INSERT INTO public.home_pages VALUES (3, '2022-12-05 20:15:20.455', '2022-12-05 20:15:22.289', '2022-12-05 20:15:22.28', 1, 1, 'pl');


--
-- TOC entry 3338 (class 0 OID 32911)
-- Dependencies: 257
-- Data for Name: home_pages_components; Type: TABLE DATA; Schema: public; Owner: postgres
--

INSERT INTO public.home_pages_components VALUES (1, 1, 1, 'blocks.hero-slider', 'heroSlider', NULL);
INSERT INTO public.home_pages_components VALUES (37, 1, 1, 'shared.seo', 'seo', NULL);
INSERT INTO public.home_pages_components VALUES (39, 2, 2, 'shared.seo', 'seo', NULL);
INSERT INTO public.home_pages_components VALUES (40, 2, 2, 'blocks.hero-slider', 'heroSlider', NULL);
INSERT INTO public.home_pages_components VALUES (41, 3, 3, 'shared.seo', 'seo', NULL);
INSERT INTO public.home_pages_components VALUES (42, 3, 3, 'blocks.hero-slider', 'heroSlider', NULL);


--
-- TOC entry 3340 (class 0 OID 32927)
-- Dependencies: 259
-- Data for Name: home_pages_localizations_links; Type: TABLE DATA; Schema: public; Owner: postgres
--

INSERT INTO public.home_pages_localizations_links VALUES (3, 3, 1, 1);
INSERT INTO public.home_pages_localizations_links VALUES (4, 3, 2, 2);
INSERT INTO public.home_pages_localizations_links VALUES (5, 1, 3, 1);
INSERT INTO public.home_pages_localizations_links VALUES (2, 1, 2, 2);
INSERT INTO public.home_pages_localizations_links VALUES (7, 2, 3, 1);
INSERT INTO public.home_pages_localizations_links VALUES (1, 2, 1, 2);


--
-- TOC entry 3306 (class 0 OID 16556)
-- Dependencies: 225
-- Data for Name: i18n_locale; Type: TABLE DATA; Schema: public; Owner: postgres
--

INSERT INTO public.i18n_locale VALUES (1, 'English (en)', 'en', '2022-12-03 18:53:07.881', '2022-12-03 18:53:07.881', NULL, NULL);
INSERT INTO public.i18n_locale VALUES (2, 'Polish (pl)', 'pl', '2022-12-03 21:47:30.412', '2022-12-03 21:47:30.412', 1, 1);
INSERT INTO public.i18n_locale VALUES (3, 'German (de)', 'de', '2022-12-03 21:47:40.418', '2022-12-03 21:47:40.418', 1, 1);


--
-- TOC entry 3294 (class 0 OID 16479)
-- Dependencies: 213
-- Data for Name: strapi_api_token_permissions; Type: TABLE DATA; Schema: public; Owner: postgres
--



--
-- TOC entry 3312 (class 0 OID 16596)
-- Dependencies: 231
-- Data for Name: strapi_api_token_permissions_token_links; Type: TABLE DATA; Schema: public; Owner: postgres
--



--
-- TOC entry 3292 (class 0 OID 16466)
-- Dependencies: 211
-- Data for Name: strapi_api_tokens; Type: TABLE DATA; Schema: public; Owner: postgres
--

INSERT INTO public.strapi_api_tokens VALUES (1, 'GraphQL', '', 'full-access', '5ba877d48f81f3a68d0acd169cde9c3b37c2e63de80789ddbdf217e3732453253c8c0a37c3bd6a089b1ce114143012e399c3656f64792502676ca4c44ba77e83', '2022-12-05 20:16:54.527', NULL, NULL, '2022-12-04 11:02:42.763', '2022-12-05 20:16:54.527', NULL, NULL);


--
-- TOC entry 3282 (class 0 OID 16405)
-- Dependencies: 201
-- Data for Name: strapi_core_store_settings; Type: TABLE DATA; Schema: public; Owner: postgres
--

INSERT INTO public.strapi_core_store_settings VALUES (2, 'plugin_content_manager_configuration_content_types::admin::role', '{"uid":"admin::role","settings":{"bulkable":true,"filterable":true,"searchable":true,"pageSize":10,"mainField":"name","defaultSortBy":"name","defaultSortOrder":"ASC"},"metadatas":{"id":{"edit":{},"list":{"label":"id","searchable":true,"sortable":true}},"name":{"edit":{"label":"name","description":"","placeholder":"","visible":true,"editable":true},"list":{"label":"name","searchable":true,"sortable":true}},"code":{"edit":{"label":"code","description":"","placeholder":"","visible":true,"editable":true},"list":{"label":"code","searchable":true,"sortable":true}},"description":{"edit":{"label":"description","description":"","placeholder":"","visible":true,"editable":true},"list":{"label":"description","searchable":true,"sortable":true}},"users":{"edit":{"label":"users","description":"","placeholder":"","visible":true,"editable":true,"mainField":"firstname"},"list":{"label":"users","searchable":false,"sortable":false}},"permissions":{"edit":{"label":"permissions","description":"","placeholder":"","visible":true,"editable":true,"mainField":"action"},"list":{"label":"permissions","searchable":false,"sortable":false}},"createdAt":{"edit":{"label":"createdAt","description":"","placeholder":"","visible":false,"editable":true},"list":{"label":"createdAt","searchable":true,"sortable":true}},"updatedAt":{"edit":{"label":"updatedAt","description":"","placeholder":"","visible":false,"editable":true},"list":{"label":"updatedAt","searchable":true,"sortable":true}}},"layouts":{"list":["id","name","code","description"],"edit":[[{"name":"name","size":6},{"name":"code","size":6}],[{"name":"description","size":6},{"name":"users","size":6}],[{"name":"permissions","size":6}]]}}', 'object', NULL, NULL);
INSERT INTO public.strapi_core_store_settings VALUES (3, 'plugin_content_manager_configuration_content_types::admin::user', '{"uid":"admin::user","settings":{"bulkable":true,"filterable":true,"searchable":true,"pageSize":10,"mainField":"firstname","defaultSortBy":"firstname","defaultSortOrder":"ASC"},"metadatas":{"id":{"edit":{},"list":{"label":"id","searchable":true,"sortable":true}},"firstname":{"edit":{"label":"firstname","description":"","placeholder":"","visible":true,"editable":true},"list":{"label":"firstname","searchable":true,"sortable":true}},"lastname":{"edit":{"label":"lastname","description":"","placeholder":"","visible":true,"editable":true},"list":{"label":"lastname","searchable":true,"sortable":true}},"username":{"edit":{"label":"username","description":"","placeholder":"","visible":true,"editable":true},"list":{"label":"username","searchable":true,"sortable":true}},"email":{"edit":{"label":"email","description":"","placeholder":"","visible":true,"editable":true},"list":{"label":"email","searchable":true,"sortable":true}},"password":{"edit":{"label":"password","description":"","placeholder":"","visible":true,"editable":true},"list":{"label":"password","searchable":true,"sortable":true}},"resetPasswordToken":{"edit":{"label":"resetPasswordToken","description":"","placeholder":"","visible":true,"editable":true},"list":{"label":"resetPasswordToken","searchable":true,"sortable":true}},"registrationToken":{"edit":{"label":"registrationToken","description":"","placeholder":"","visible":true,"editable":true},"list":{"label":"registrationToken","searchable":true,"sortable":true}},"isActive":{"edit":{"label":"isActive","description":"","placeholder":"","visible":true,"editable":true},"list":{"label":"isActive","searchable":true,"sortable":true}},"roles":{"edit":{"label":"roles","description":"","placeholder":"","visible":true,"editable":true,"mainField":"name"},"list":{"label":"roles","searchable":false,"sortable":false}},"blocked":{"edit":{"label":"blocked","description":"","placeholder":"","visible":true,"editable":true},"list":{"label":"blocked","searchable":true,"sortable":true}},"preferedLanguage":{"edit":{"label":"preferedLanguage","description":"","placeholder":"","visible":true,"editable":true},"list":{"label":"preferedLanguage","searchable":true,"sortable":true}},"createdAt":{"edit":{"label":"createdAt","description":"","placeholder":"","visible":false,"editable":true},"list":{"label":"createdAt","searchable":true,"sortable":true}},"updatedAt":{"edit":{"label":"updatedAt","description":"","placeholder":"","visible":false,"editable":true},"list":{"label":"updatedAt","searchable":true,"sortable":true}}},"layouts":{"list":["id","firstname","lastname","username"],"edit":[[{"name":"firstname","size":6},{"name":"lastname","size":6}],[{"name":"username","size":6},{"name":"email","size":6}],[{"name":"password","size":6},{"name":"resetPasswordToken","size":6}],[{"name":"registrationToken","size":6},{"name":"isActive","size":4}],[{"name":"roles","size":6},{"name":"blocked","size":4}],[{"name":"preferedLanguage","size":6}]]}}', 'object', NULL, NULL);
INSERT INTO public.strapi_core_store_settings VALUES (4, 'plugin_content_manager_configuration_content_types::plugin::users-permissions.permission', '{"uid":"plugin::users-permissions.permission","settings":{"bulkable":true,"filterable":true,"searchable":true,"pageSize":10,"mainField":"action","defaultSortBy":"action","defaultSortOrder":"ASC"},"metadatas":{"id":{"edit":{},"list":{"label":"id","searchable":true,"sortable":true}},"action":{"edit":{"label":"action","description":"","placeholder":"","visible":true,"editable":true},"list":{"label":"action","searchable":true,"sortable":true}},"role":{"edit":{"label":"role","description":"","placeholder":"","visible":true,"editable":true,"mainField":"name"},"list":{"label":"role","searchable":true,"sortable":true}},"createdAt":{"edit":{"label":"createdAt","description":"","placeholder":"","visible":false,"editable":true},"list":{"label":"createdAt","searchable":true,"sortable":true}},"updatedAt":{"edit":{"label":"updatedAt","description":"","placeholder":"","visible":false,"editable":true},"list":{"label":"updatedAt","searchable":true,"sortable":true}}},"layouts":{"list":["id","action","role","createdAt"],"edit":[[{"name":"action","size":6},{"name":"role","size":6}]]}}', 'object', NULL, NULL);
INSERT INTO public.strapi_core_store_settings VALUES (5, 'plugin_content_manager_configuration_content_types::admin::permission', '{"uid":"admin::permission","settings":{"bulkable":true,"filterable":true,"searchable":true,"pageSize":10,"mainField":"action","defaultSortBy":"action","defaultSortOrder":"ASC"},"metadatas":{"id":{"edit":{},"list":{"label":"id","searchable":true,"sortable":true}},"action":{"edit":{"label":"action","description":"","placeholder":"","visible":true,"editable":true},"list":{"label":"action","searchable":true,"sortable":true}},"subject":{"edit":{"label":"subject","description":"","placeholder":"","visible":true,"editable":true},"list":{"label":"subject","searchable":true,"sortable":true}},"properties":{"edit":{"label":"properties","description":"","placeholder":"","visible":true,"editable":true},"list":{"label":"properties","searchable":false,"sortable":false}},"conditions":{"edit":{"label":"conditions","description":"","placeholder":"","visible":true,"editable":true},"list":{"label":"conditions","searchable":false,"sortable":false}},"role":{"edit":{"label":"role","description":"","placeholder":"","visible":true,"editable":true,"mainField":"name"},"list":{"label":"role","searchable":true,"sortable":true}},"createdAt":{"edit":{"label":"createdAt","description":"","placeholder":"","visible":false,"editable":true},"list":{"label":"createdAt","searchable":true,"sortable":true}},"updatedAt":{"edit":{"label":"updatedAt","description":"","placeholder":"","visible":false,"editable":true},"list":{"label":"updatedAt","searchable":true,"sortable":true}}},"layouts":{"list":["id","action","subject","role"],"edit":[[{"name":"action","size":6},{"name":"subject","size":6}],[{"name":"properties","size":12}],[{"name":"conditions","size":12}],[{"name":"role","size":6}]]}}', 'object', NULL, NULL);
INSERT INTO public.strapi_core_store_settings VALUES (6, 'plugin_content_manager_configuration_content_types::admin::api-token', '{"uid":"admin::api-token","settings":{"bulkable":true,"filterable":true,"searchable":true,"pageSize":10,"mainField":"name","defaultSortBy":"name","defaultSortOrder":"ASC"},"metadatas":{"id":{"edit":{},"list":{"label":"id","searchable":true,"sortable":true}},"name":{"edit":{"label":"name","description":"","placeholder":"","visible":true,"editable":true},"list":{"label":"name","searchable":true,"sortable":true}},"description":{"edit":{"label":"description","description":"","placeholder":"","visible":true,"editable":true},"list":{"label":"description","searchable":true,"sortable":true}},"type":{"edit":{"label":"type","description":"","placeholder":"","visible":true,"editable":true},"list":{"label":"type","searchable":true,"sortable":true}},"accessKey":{"edit":{"label":"accessKey","description":"","placeholder":"","visible":true,"editable":true},"list":{"label":"accessKey","searchable":true,"sortable":true}},"lastUsedAt":{"edit":{"label":"lastUsedAt","description":"","placeholder":"","visible":true,"editable":true},"list":{"label":"lastUsedAt","searchable":true,"sortable":true}},"permissions":{"edit":{"label":"permissions","description":"","placeholder":"","visible":true,"editable":true,"mainField":"action"},"list":{"label":"permissions","searchable":false,"sortable":false}},"expiresAt":{"edit":{"label":"expiresAt","description":"","placeholder":"","visible":true,"editable":true},"list":{"label":"expiresAt","searchable":true,"sortable":true}},"lifespan":{"edit":{"label":"lifespan","description":"","placeholder":"","visible":true,"editable":true},"list":{"label":"lifespan","searchable":true,"sortable":true}},"createdAt":{"edit":{"label":"createdAt","description":"","placeholder":"","visible":false,"editable":true},"list":{"label":"createdAt","searchable":true,"sortable":true}},"updatedAt":{"edit":{"label":"updatedAt","description":"","placeholder":"","visible":false,"editable":true},"list":{"label":"updatedAt","searchable":true,"sortable":true}}},"layouts":{"list":["id","name","description","type"],"edit":[[{"name":"name","size":6},{"name":"description","size":6}],[{"name":"type","size":6},{"name":"accessKey","size":6}],[{"name":"lastUsedAt","size":6},{"name":"permissions","size":6}],[{"name":"expiresAt","size":6},{"name":"lifespan","size":4}]]}}', 'object', NULL, NULL);
INSERT INTO public.strapi_core_store_settings VALUES (7, 'plugin_content_manager_configuration_content_types::plugin::i18n.locale', '{"uid":"plugin::i18n.locale","settings":{"bulkable":true,"filterable":true,"searchable":true,"pageSize":10,"mainField":"name","defaultSortBy":"name","defaultSortOrder":"ASC"},"metadatas":{"id":{"edit":{},"list":{"label":"id","searchable":true,"sortable":true}},"name":{"edit":{"label":"name","description":"","placeholder":"","visible":true,"editable":true},"list":{"label":"name","searchable":true,"sortable":true}},"code":{"edit":{"label":"code","description":"","placeholder":"","visible":true,"editable":true},"list":{"label":"code","searchable":true,"sortable":true}},"createdAt":{"edit":{"label":"createdAt","description":"","placeholder":"","visible":false,"editable":true},"list":{"label":"createdAt","searchable":true,"sortable":true}},"updatedAt":{"edit":{"label":"updatedAt","description":"","placeholder":"","visible":false,"editable":true},"list":{"label":"updatedAt","searchable":true,"sortable":true}}},"layouts":{"list":["id","name","code","createdAt"],"edit":[[{"name":"name","size":6},{"name":"code","size":6}]]}}', 'object', NULL, NULL);
INSERT INTO public.strapi_core_store_settings VALUES (18, 'plugin_i18n_default_locale', '"en"', 'string', NULL, NULL);
INSERT INTO public.strapi_core_store_settings VALUES (1, 'strapi_content_types_schema', '{"admin::permission":{"collectionName":"admin_permissions","info":{"name":"Permission","description":"","singularName":"permission","pluralName":"permissions","displayName":"Permission"},"options":{},"pluginOptions":{"content-manager":{"visible":false},"content-type-builder":{"visible":false}},"attributes":{"action":{"type":"string","minLength":1,"configurable":false,"required":true},"subject":{"type":"string","minLength":1,"configurable":false,"required":false},"properties":{"type":"json","configurable":false,"required":false,"default":{}},"conditions":{"type":"json","configurable":false,"required":false,"default":[]},"role":{"configurable":false,"type":"relation","relation":"manyToOne","inversedBy":"permissions","target":"admin::role"},"createdAt":{"type":"datetime"},"updatedAt":{"type":"datetime"},"createdBy":{"type":"relation","relation":"oneToOne","target":"admin::user","configurable":false,"writable":false,"visible":false,"useJoinTable":false,"private":true},"updatedBy":{"type":"relation","relation":"oneToOne","target":"admin::user","configurable":false,"writable":false,"visible":false,"useJoinTable":false,"private":true}},"kind":"collectionType","__schema__":{"collectionName":"admin_permissions","info":{"name":"Permission","description":"","singularName":"permission","pluralName":"permissions","displayName":"Permission"},"options":{},"pluginOptions":{"content-manager":{"visible":false},"content-type-builder":{"visible":false}},"attributes":{"action":{"type":"string","minLength":1,"configurable":false,"required":true},"subject":{"type":"string","minLength":1,"configurable":false,"required":false},"properties":{"type":"json","configurable":false,"required":false,"default":{}},"conditions":{"type":"json","configurable":false,"required":false,"default":[]},"role":{"configurable":false,"type":"relation","relation":"manyToOne","inversedBy":"permissions","target":"admin::role"}},"kind":"collectionType"},"modelType":"contentType","modelName":"permission","connection":"default","uid":"admin::permission","plugin":"admin","globalId":"AdminPermission"},"admin::user":{"collectionName":"admin_users","info":{"name":"User","description":"","singularName":"user","pluralName":"users","displayName":"User"},"pluginOptions":{"content-manager":{"visible":false},"content-type-builder":{"visible":false}},"attributes":{"firstname":{"type":"string","unique":false,"minLength":1,"configurable":false,"required":false},"lastname":{"type":"string","unique":false,"minLength":1,"configurable":false,"required":false},"username":{"type":"string","unique":false,"configurable":false,"required":false},"email":{"type":"email","minLength":6,"configurable":false,"required":true,"unique":true,"private":true},"password":{"type":"password","minLength":6,"configurable":false,"required":false,"private":true},"resetPasswordToken":{"type":"string","configurable":false,"private":true},"registrationToken":{"type":"string","configurable":false,"private":true},"isActive":{"type":"boolean","default":false,"configurable":false,"private":true},"roles":{"configurable":false,"private":true,"type":"relation","relation":"manyToMany","inversedBy":"users","target":"admin::role","collectionName":"strapi_users_roles"},"blocked":{"type":"boolean","default":false,"configurable":false,"private":true},"preferedLanguage":{"type":"string","configurable":false,"required":false},"createdAt":{"type":"datetime"},"updatedAt":{"type":"datetime"},"createdBy":{"type":"relation","relation":"oneToOne","target":"admin::user","configurable":false,"writable":false,"visible":false,"useJoinTable":false,"private":true},"updatedBy":{"type":"relation","relation":"oneToOne","target":"admin::user","configurable":false,"writable":false,"visible":false,"useJoinTable":false,"private":true}},"kind":"collectionType","__schema__":{"collectionName":"admin_users","info":{"name":"User","description":"","singularName":"user","pluralName":"users","displayName":"User"},"pluginOptions":{"content-manager":{"visible":false},"content-type-builder":{"visible":false}},"attributes":{"firstname":{"type":"string","unique":false,"minLength":1,"configurable":false,"required":false},"lastname":{"type":"string","unique":false,"minLength":1,"configurable":false,"required":false},"username":{"type":"string","unique":false,"configurable":false,"required":false},"email":{"type":"email","minLength":6,"configurable":false,"required":true,"unique":true,"private":true},"password":{"type":"password","minLength":6,"configurable":false,"required":false,"private":true},"resetPasswordToken":{"type":"string","configurable":false,"private":true},"registrationToken":{"type":"string","configurable":false,"private":true},"isActive":{"type":"boolean","default":false,"configurable":false,"private":true},"roles":{"configurable":false,"private":true,"type":"relation","relation":"manyToMany","inversedBy":"users","target":"admin::role","collectionName":"strapi_users_roles"},"blocked":{"type":"boolean","default":false,"configurable":false,"private":true},"preferedLanguage":{"type":"string","configurable":false,"required":false}},"kind":"collectionType"},"modelType":"contentType","modelName":"user","connection":"default","uid":"admin::user","plugin":"admin","globalId":"AdminUser"},"admin::role":{"collectionName":"admin_roles","info":{"name":"Role","description":"","singularName":"role","pluralName":"roles","displayName":"Role"},"options":{},"pluginOptions":{"content-manager":{"visible":false},"content-type-builder":{"visible":false}},"attributes":{"name":{"type":"string","minLength":1,"unique":true,"configurable":false,"required":true},"code":{"type":"string","minLength":1,"unique":true,"configurable":false,"required":true},"description":{"type":"string","configurable":false},"users":{"configurable":false,"type":"relation","relation":"manyToMany","mappedBy":"roles","target":"admin::user"},"permissions":{"configurable":false,"type":"relation","relation":"oneToMany","mappedBy":"role","target":"admin::permission"},"createdAt":{"type":"datetime"},"updatedAt":{"type":"datetime"},"createdBy":{"type":"relation","relation":"oneToOne","target":"admin::user","configurable":false,"writable":false,"visible":false,"useJoinTable":false,"private":true},"updatedBy":{"type":"relation","relation":"oneToOne","target":"admin::user","configurable":false,"writable":false,"visible":false,"useJoinTable":false,"private":true}},"kind":"collectionType","__schema__":{"collectionName":"admin_roles","info":{"name":"Role","description":"","singularName":"role","pluralName":"roles","displayName":"Role"},"options":{},"pluginOptions":{"content-manager":{"visible":false},"content-type-builder":{"visible":false}},"attributes":{"name":{"type":"string","minLength":1,"unique":true,"configurable":false,"required":true},"code":{"type":"string","minLength":1,"unique":true,"configurable":false,"required":true},"description":{"type":"string","configurable":false},"users":{"configurable":false,"type":"relation","relation":"manyToMany","mappedBy":"roles","target":"admin::user"},"permissions":{"configurable":false,"type":"relation","relation":"oneToMany","mappedBy":"role","target":"admin::permission"}},"kind":"collectionType"},"modelType":"contentType","modelName":"role","connection":"default","uid":"admin::role","plugin":"admin","globalId":"AdminRole"},"admin::api-token":{"collectionName":"strapi_api_tokens","info":{"name":"Api Token","singularName":"api-token","pluralName":"api-tokens","displayName":"Api Token","description":""},"options":{},"pluginOptions":{"content-manager":{"visible":false},"content-type-builder":{"visible":false}},"attributes":{"name":{"type":"string","minLength":1,"configurable":false,"required":true,"unique":true},"description":{"type":"string","minLength":1,"configurable":false,"required":false,"default":""},"type":{"type":"enumeration","enum":["read-only","full-access","custom"],"configurable":false,"required":true,"default":"read-only"},"accessKey":{"type":"string","minLength":1,"configurable":false,"required":true},"lastUsedAt":{"type":"datetime","configurable":false,"required":false},"permissions":{"type":"relation","target":"admin::api-token-permission","relation":"oneToMany","mappedBy":"token","configurable":false,"required":false},"expiresAt":{"type":"datetime","configurable":false,"required":false},"lifespan":{"type":"biginteger","configurable":false,"required":false},"createdAt":{"type":"datetime"},"updatedAt":{"type":"datetime"},"createdBy":{"type":"relation","relation":"oneToOne","target":"admin::user","configurable":false,"writable":false,"visible":false,"useJoinTable":false,"private":true},"updatedBy":{"type":"relation","relation":"oneToOne","target":"admin::user","configurable":false,"writable":false,"visible":false,"useJoinTable":false,"private":true}},"kind":"collectionType","__schema__":{"collectionName":"strapi_api_tokens","info":{"name":"Api Token","singularName":"api-token","pluralName":"api-tokens","displayName":"Api Token","description":""},"options":{},"pluginOptions":{"content-manager":{"visible":false},"content-type-builder":{"visible":false}},"attributes":{"name":{"type":"string","minLength":1,"configurable":false,"required":true,"unique":true},"description":{"type":"string","minLength":1,"configurable":false,"required":false,"default":""},"type":{"type":"enumeration","enum":["read-only","full-access","custom"],"configurable":false,"required":true,"default":"read-only"},"accessKey":{"type":"string","minLength":1,"configurable":false,"required":true},"lastUsedAt":{"type":"datetime","configurable":false,"required":false},"permissions":{"type":"relation","target":"admin::api-token-permission","relation":"oneToMany","mappedBy":"token","configurable":false,"required":false},"expiresAt":{"type":"datetime","configurable":false,"required":false},"lifespan":{"type":"biginteger","configurable":false,"required":false}},"kind":"collectionType"},"modelType":"contentType","modelName":"api-token","connection":"default","uid":"admin::api-token","plugin":"admin","globalId":"AdminApiToken"},"admin::api-token-permission":{"collectionName":"strapi_api_token_permissions","info":{"name":"API Token Permission","description":"","singularName":"api-token-permission","pluralName":"api-token-permissions","displayName":"API Token Permission"},"options":{},"pluginOptions":{"content-manager":{"visible":false},"content-type-builder":{"visible":false}},"attributes":{"action":{"type":"string","minLength":1,"configurable":false,"required":true},"token":{"configurable":false,"type":"relation","relation":"manyToOne","inversedBy":"permissions","target":"admin::api-token"},"createdAt":{"type":"datetime"},"updatedAt":{"type":"datetime"},"createdBy":{"type":"relation","relation":"oneToOne","target":"admin::user","configurable":false,"writable":false,"visible":false,"useJoinTable":false,"private":true},"updatedBy":{"type":"relation","relation":"oneToOne","target":"admin::user","configurable":false,"writable":false,"visible":false,"useJoinTable":false,"private":true}},"kind":"collectionType","__schema__":{"collectionName":"strapi_api_token_permissions","info":{"name":"API Token Permission","description":"","singularName":"api-token-permission","pluralName":"api-token-permissions","displayName":"API Token Permission"},"options":{},"pluginOptions":{"content-manager":{"visible":false},"content-type-builder":{"visible":false}},"attributes":{"action":{"type":"string","minLength":1,"configurable":false,"required":true},"token":{"configurable":false,"type":"relation","relation":"manyToOne","inversedBy":"permissions","target":"admin::api-token"}},"kind":"collectionType"},"modelType":"contentType","modelName":"api-token-permission","connection":"default","uid":"admin::api-token-permission","plugin":"admin","globalId":"AdminApiTokenPermission"},"api::home-page.home-page":{"kind":"singleType","collectionName":"home_pages","info":{"singularName":"home-page","pluralName":"home-pages","displayName":"Home Page"},"options":{"draftAndPublish":true},"pluginOptions":{"i18n":{"localized":true}},"attributes":{"seo":{"type":"component","repeatable":false,"pluginOptions":{"i18n":{"localized":true}},"component":"shared.seo"},"heroSlider":{"type":"component","repeatable":false,"pluginOptions":{"i18n":{"localized":true}},"component":"blocks.hero-slider"},"createdAt":{"type":"datetime"},"updatedAt":{"type":"datetime"},"publishedAt":{"type":"datetime","configurable":false,"writable":true,"visible":false},"createdBy":{"type":"relation","relation":"oneToOne","target":"admin::user","configurable":false,"writable":false,"visible":false,"useJoinTable":false,"private":true},"updatedBy":{"type":"relation","relation":"oneToOne","target":"admin::user","configurable":false,"writable":false,"visible":false,"useJoinTable":false,"private":true},"localizations":{"writable":true,"private":false,"configurable":false,"visible":false,"type":"relation","relation":"oneToMany","target":"api::home-page.home-page"},"locale":{"writable":true,"private":false,"configurable":false,"visible":false,"type":"string"}},"__schema__":{"collectionName":"home_pages","info":{"singularName":"home-page","pluralName":"home-pages","displayName":"Home Page"},"options":{"draftAndPublish":true},"pluginOptions":{"i18n":{"localized":true}},"attributes":{"seo":{"type":"component","repeatable":false,"pluginOptions":{"i18n":{"localized":true}},"component":"shared.seo"},"heroSlider":{"type":"component","repeatable":false,"pluginOptions":{"i18n":{"localized":true}},"component":"blocks.hero-slider"}},"kind":"singleType"},"modelType":"contentType","modelName":"home-page","connection":"default","uid":"api::home-page.home-page","apiName":"home-page","globalId":"HomePage","actions":{},"lifecycles":{}},"plugin::upload.file":{"collectionName":"files","info":{"singularName":"file","pluralName":"files","displayName":"File","description":""},"options":{},"pluginOptions":{"content-manager":{"visible":false},"content-type-builder":{"visible":false}},"attributes":{"name":{"type":"string","configurable":false,"required":true},"alternativeText":{"type":"string","configurable":false},"caption":{"type":"string","configurable":false},"width":{"type":"integer","configurable":false},"height":{"type":"integer","configurable":false},"formats":{"type":"json","configurable":false},"hash":{"type":"string","configurable":false,"required":true},"ext":{"type":"string","configurable":false},"mime":{"type":"string","configurable":false,"required":true},"size":{"type":"decimal","configurable":false,"required":true},"url":{"type":"string","configurable":false,"required":true},"previewUrl":{"type":"string","configurable":false},"provider":{"type":"string","configurable":false,"required":true},"provider_metadata":{"type":"json","configurable":false},"related":{"type":"relation","relation":"morphToMany","configurable":false},"folder":{"type":"relation","relation":"manyToOne","target":"plugin::upload.folder","inversedBy":"files","private":true},"folderPath":{"type":"string","min":1,"required":true,"private":true},"createdAt":{"type":"datetime"},"updatedAt":{"type":"datetime"},"createdBy":{"type":"relation","relation":"oneToOne","target":"admin::user","configurable":false,"writable":false,"visible":false,"useJoinTable":false,"private":true},"updatedBy":{"type":"relation","relation":"oneToOne","target":"admin::user","configurable":false,"writable":false,"visible":false,"useJoinTable":false,"private":true}},"indexes":[{"name":"upload_files_folder_path_index","columns":["folder_path"],"type":null}],"kind":"collectionType","__schema__":{"collectionName":"files","info":{"singularName":"file","pluralName":"files","displayName":"File","description":""},"options":{},"pluginOptions":{"content-manager":{"visible":false},"content-type-builder":{"visible":false}},"attributes":{"name":{"type":"string","configurable":false,"required":true},"alternativeText":{"type":"string","configurable":false},"caption":{"type":"string","configurable":false},"width":{"type":"integer","configurable":false},"height":{"type":"integer","configurable":false},"formats":{"type":"json","configurable":false},"hash":{"type":"string","configurable":false,"required":true},"ext":{"type":"string","configurable":false},"mime":{"type":"string","configurable":false,"required":true},"size":{"type":"decimal","configurable":false,"required":true},"url":{"type":"string","configurable":false,"required":true},"previewUrl":{"type":"string","configurable":false},"provider":{"type":"string","configurable":false,"required":true},"provider_metadata":{"type":"json","configurable":false},"related":{"type":"relation","relation":"morphToMany","configurable":false},"folder":{"type":"relation","relation":"manyToOne","target":"plugin::upload.folder","inversedBy":"files","private":true},"folderPath":{"type":"string","min":1,"required":true,"private":true}},"kind":"collectionType"},"modelType":"contentType","modelName":"file","connection":"default","uid":"plugin::upload.file","plugin":"upload","globalId":"UploadFile"},"plugin::upload.folder":{"collectionName":"upload_folders","info":{"singularName":"folder","pluralName":"folders","displayName":"Folder"},"options":{},"pluginOptions":{"content-manager":{"visible":false},"content-type-builder":{"visible":false}},"attributes":{"name":{"type":"string","min":1,"required":true},"pathId":{"type":"integer","unique":true,"required":true},"parent":{"type":"relation","relation":"manyToOne","target":"plugin::upload.folder","inversedBy":"children"},"children":{"type":"relation","relation":"oneToMany","target":"plugin::upload.folder","mappedBy":"parent"},"files":{"type":"relation","relation":"oneToMany","target":"plugin::upload.file","mappedBy":"folder"},"path":{"type":"string","min":1,"required":true},"createdAt":{"type":"datetime"},"updatedAt":{"type":"datetime"},"createdBy":{"type":"relation","relation":"oneToOne","target":"admin::user","configurable":false,"writable":false,"visible":false,"useJoinTable":false,"private":true},"updatedBy":{"type":"relation","relation":"oneToOne","target":"admin::user","configurable":false,"writable":false,"visible":false,"useJoinTable":false,"private":true}},"indexes":[{"name":"upload_folders_path_id_index","columns":["path_id"],"type":"unique"},{"name":"upload_folders_path_index","columns":["path"],"type":"unique"}],"kind":"collectionType","__schema__":{"collectionName":"upload_folders","info":{"singularName":"folder","pluralName":"folders","displayName":"Folder"},"options":{},"pluginOptions":{"content-manager":{"visible":false},"content-type-builder":{"visible":false}},"attributes":{"name":{"type":"string","min":1,"required":true},"pathId":{"type":"integer","unique":true,"required":true},"parent":{"type":"relation","relation":"manyToOne","target":"plugin::upload.folder","inversedBy":"children"},"children":{"type":"relation","relation":"oneToMany","target":"plugin::upload.folder","mappedBy":"parent"},"files":{"type":"relation","relation":"oneToMany","target":"plugin::upload.file","mappedBy":"folder"},"path":{"type":"string","min":1,"required":true}},"kind":"collectionType"},"modelType":"contentType","modelName":"folder","connection":"default","uid":"plugin::upload.folder","plugin":"upload","globalId":"UploadFolder"},"plugin::i18n.locale":{"info":{"singularName":"locale","pluralName":"locales","collectionName":"locales","displayName":"Locale","description":""},"options":{"draftAndPublish":false},"pluginOptions":{"content-manager":{"visible":false},"content-type-builder":{"visible":false}},"attributes":{"name":{"type":"string","min":1,"max":50,"configurable":false},"code":{"type":"string","unique":true,"configurable":false},"createdAt":{"type":"datetime"},"updatedAt":{"type":"datetime"},"createdBy":{"type":"relation","relation":"oneToOne","target":"admin::user","configurable":false,"writable":false,"visible":false,"useJoinTable":false,"private":true},"updatedBy":{"type":"relation","relation":"oneToOne","target":"admin::user","configurable":false,"writable":false,"visible":false,"useJoinTable":false,"private":true}},"kind":"collectionType","__schema__":{"info":{"singularName":"locale","pluralName":"locales","collectionName":"locales","displayName":"Locale","description":""},"options":{"draftAndPublish":false},"pluginOptions":{"content-manager":{"visible":false},"content-type-builder":{"visible":false}},"attributes":{"name":{"type":"string","min":1,"max":50,"configurable":false},"code":{"type":"string","unique":true,"configurable":false}},"kind":"collectionType"},"modelType":"contentType","modelName":"locale","connection":"default","uid":"plugin::i18n.locale","plugin":"i18n","collectionName":"i18n_locale","globalId":"I18NLocale"},"plugin::users-permissions.permission":{"collectionName":"up_permissions","info":{"name":"permission","description":"","singularName":"permission","pluralName":"permissions","displayName":"Permission"},"pluginOptions":{"content-manager":{"visible":false},"content-type-builder":{"visible":false}},"attributes":{"action":{"type":"string","required":true,"configurable":false},"role":{"type":"relation","relation":"manyToOne","target":"plugin::users-permissions.role","inversedBy":"permissions","configurable":false},"createdAt":{"type":"datetime"},"updatedAt":{"type":"datetime"},"createdBy":{"type":"relation","relation":"oneToOne","target":"admin::user","configurable":false,"writable":false,"visible":false,"useJoinTable":false,"private":true},"updatedBy":{"type":"relation","relation":"oneToOne","target":"admin::user","configurable":false,"writable":false,"visible":false,"useJoinTable":false,"private":true}},"kind":"collectionType","__schema__":{"collectionName":"up_permissions","info":{"name":"permission","description":"","singularName":"permission","pluralName":"permissions","displayName":"Permission"},"pluginOptions":{"content-manager":{"visible":false},"content-type-builder":{"visible":false}},"attributes":{"action":{"type":"string","required":true,"configurable":false},"role":{"type":"relation","relation":"manyToOne","target":"plugin::users-permissions.role","inversedBy":"permissions","configurable":false}},"kind":"collectionType"},"modelType":"contentType","modelName":"permission","connection":"default","uid":"plugin::users-permissions.permission","plugin":"users-permissions","globalId":"UsersPermissionsPermission"},"plugin::users-permissions.role":{"collectionName":"up_roles","info":{"name":"role","description":"","singularName":"role","pluralName":"roles","displayName":"Role"},"pluginOptions":{"content-manager":{"visible":false},"content-type-builder":{"visible":false}},"attributes":{"name":{"type":"string","minLength":3,"required":true,"configurable":false},"description":{"type":"string","configurable":false},"type":{"type":"string","unique":true,"configurable":false},"permissions":{"type":"relation","relation":"oneToMany","target":"plugin::users-permissions.permission","mappedBy":"role","configurable":false},"users":{"type":"relation","relation":"oneToMany","target":"plugin::users-permissions.user","mappedBy":"role","configurable":false},"createdAt":{"type":"datetime"},"updatedAt":{"type":"datetime"},"createdBy":{"type":"relation","relation":"oneToOne","target":"admin::user","configurable":false,"writable":false,"visible":false,"useJoinTable":false,"private":true},"updatedBy":{"type":"relation","relation":"oneToOne","target":"admin::user","configurable":false,"writable":false,"visible":false,"useJoinTable":false,"private":true}},"kind":"collectionType","__schema__":{"collectionName":"up_roles","info":{"name":"role","description":"","singularName":"role","pluralName":"roles","displayName":"Role"},"pluginOptions":{"content-manager":{"visible":false},"content-type-builder":{"visible":false}},"attributes":{"name":{"type":"string","minLength":3,"required":true,"configurable":false},"description":{"type":"string","configurable":false},"type":{"type":"string","unique":true,"configurable":false},"permissions":{"type":"relation","relation":"oneToMany","target":"plugin::users-permissions.permission","mappedBy":"role","configurable":false},"users":{"type":"relation","relation":"oneToMany","target":"plugin::users-permissions.user","mappedBy":"role","configurable":false}},"kind":"collectionType"},"modelType":"contentType","modelName":"role","connection":"default","uid":"plugin::users-permissions.role","plugin":"users-permissions","globalId":"UsersPermissionsRole"},"plugin::users-permissions.user":{"collectionName":"up_users","info":{"name":"user","description":"","singularName":"user","pluralName":"users","displayName":"User"},"options":{"draftAndPublish":false,"timestamps":true},"attributes":{"username":{"type":"string","minLength":3,"unique":true,"configurable":false,"required":true},"email":{"type":"email","minLength":6,"configurable":false,"required":true},"provider":{"type":"string","configurable":false},"password":{"type":"password","minLength":6,"configurable":false,"private":true},"resetPasswordToken":{"type":"string","configurable":false,"private":true},"confirmationToken":{"type":"string","configurable":false,"private":true},"confirmed":{"type":"boolean","default":false,"configurable":false},"blocked":{"type":"boolean","default":false,"configurable":false},"role":{"type":"relation","relation":"manyToOne","target":"plugin::users-permissions.role","inversedBy":"users","configurable":false},"createdAt":{"type":"datetime"},"updatedAt":{"type":"datetime"},"createdBy":{"type":"relation","relation":"oneToOne","target":"admin::user","configurable":false,"writable":false,"visible":false,"useJoinTable":false,"private":true},"updatedBy":{"type":"relation","relation":"oneToOne","target":"admin::user","configurable":false,"writable":false,"visible":false,"useJoinTable":false,"private":true}},"config":{"attributes":{"resetPasswordToken":{"hidden":true},"confirmationToken":{"hidden":true},"provider":{"hidden":true}}},"kind":"collectionType","__schema__":{"collectionName":"up_users","info":{"name":"user","description":"","singularName":"user","pluralName":"users","displayName":"User"},"options":{"draftAndPublish":false,"timestamps":true},"attributes":{"username":{"type":"string","minLength":3,"unique":true,"configurable":false,"required":true},"email":{"type":"email","minLength":6,"configurable":false,"required":true},"provider":{"type":"string","configurable":false},"password":{"type":"password","minLength":6,"configurable":false,"private":true},"resetPasswordToken":{"type":"string","configurable":false,"private":true},"confirmationToken":{"type":"string","configurable":false,"private":true},"confirmed":{"type":"boolean","default":false,"configurable":false},"blocked":{"type":"boolean","default":false,"configurable":false},"role":{"type":"relation","relation":"manyToOne","target":"plugin::users-permissions.role","inversedBy":"users","configurable":false}},"kind":"collectionType"},"modelType":"contentType","modelName":"user","connection":"default","uid":"plugin::users-permissions.user","plugin":"users-permissions","globalId":"UsersPermissionsUser"}}', 'object', NULL, NULL);
INSERT INTO public.strapi_core_store_settings VALUES (19, 'core_admin_auth', '{"providers":{"autoRegister":false,"defaultRole":null}}', 'object', NULL, NULL);
INSERT INTO public.strapi_core_store_settings VALUES (8, 'plugin_content_manager_configuration_content_types::plugin::upload.folder', '{"uid":"plugin::upload.folder","settings":{"bulkable":true,"filterable":true,"searchable":true,"pageSize":10,"mainField":"name","defaultSortBy":"name","defaultSortOrder":"ASC"},"metadatas":{"id":{"edit":{},"list":{"label":"id","searchable":true,"sortable":true}},"name":{"edit":{"label":"name","description":"","placeholder":"","visible":true,"editable":true},"list":{"label":"name","searchable":true,"sortable":true}},"pathId":{"edit":{"label":"pathId","description":"","placeholder":"","visible":true,"editable":true},"list":{"label":"pathId","searchable":true,"sortable":true}},"parent":{"edit":{"label":"parent","description":"","placeholder":"","visible":true,"editable":true,"mainField":"name"},"list":{"label":"parent","searchable":true,"sortable":true}},"children":{"edit":{"label":"children","description":"","placeholder":"","visible":true,"editable":true,"mainField":"name"},"list":{"label":"children","searchable":false,"sortable":false}},"files":{"edit":{"label":"files","description":"","placeholder":"","visible":true,"editable":true,"mainField":"name"},"list":{"label":"files","searchable":false,"sortable":false}},"path":{"edit":{"label":"path","description":"","placeholder":"","visible":true,"editable":true},"list":{"label":"path","searchable":true,"sortable":true}},"createdAt":{"edit":{"label":"createdAt","description":"","placeholder":"","visible":false,"editable":true},"list":{"label":"createdAt","searchable":true,"sortable":true}},"updatedAt":{"edit":{"label":"updatedAt","description":"","placeholder":"","visible":false,"editable":true},"list":{"label":"updatedAt","searchable":true,"sortable":true}}},"layouts":{"list":["id","name","pathId","parent"],"edit":[[{"name":"name","size":6},{"name":"pathId","size":4}],[{"name":"parent","size":6},{"name":"children","size":6}],[{"name":"files","size":6},{"name":"path","size":6}]]}}', 'object', NULL, NULL);
INSERT INTO public.strapi_core_store_settings VALUES (10, 'plugin_content_manager_configuration_content_types::admin::api-token-permission', '{"uid":"admin::api-token-permission","settings":{"bulkable":true,"filterable":true,"searchable":true,"pageSize":10,"mainField":"action","defaultSortBy":"action","defaultSortOrder":"ASC"},"metadatas":{"id":{"edit":{},"list":{"label":"id","searchable":true,"sortable":true}},"action":{"edit":{"label":"action","description":"","placeholder":"","visible":true,"editable":true},"list":{"label":"action","searchable":true,"sortable":true}},"token":{"edit":{"label":"token","description":"","placeholder":"","visible":true,"editable":true,"mainField":"name"},"list":{"label":"token","searchable":true,"sortable":true}},"createdAt":{"edit":{"label":"createdAt","description":"","placeholder":"","visible":false,"editable":true},"list":{"label":"createdAt","searchable":true,"sortable":true}},"updatedAt":{"edit":{"label":"updatedAt","description":"","placeholder":"","visible":false,"editable":true},"list":{"label":"updatedAt","searchable":true,"sortable":true}}},"layouts":{"list":["id","action","token","createdAt"],"edit":[[{"name":"action","size":6},{"name":"token","size":6}]]}}', 'object', NULL, NULL);
INSERT INTO public.strapi_core_store_settings VALUES (9, 'plugin_content_manager_configuration_content_types::plugin::upload.file', '{"uid":"plugin::upload.file","settings":{"bulkable":true,"filterable":true,"searchable":true,"pageSize":10,"mainField":"name","defaultSortBy":"name","defaultSortOrder":"ASC"},"metadatas":{"id":{"edit":{},"list":{"label":"id","searchable":true,"sortable":true}},"name":{"edit":{"label":"name","description":"","placeholder":"","visible":true,"editable":true},"list":{"label":"name","searchable":true,"sortable":true}},"alternativeText":{"edit":{"label":"alternativeText","description":"","placeholder":"","visible":true,"editable":true},"list":{"label":"alternativeText","searchable":true,"sortable":true}},"caption":{"edit":{"label":"caption","description":"","placeholder":"","visible":true,"editable":true},"list":{"label":"caption","searchable":true,"sortable":true}},"width":{"edit":{"label":"width","description":"","placeholder":"","visible":true,"editable":true},"list":{"label":"width","searchable":true,"sortable":true}},"height":{"edit":{"label":"height","description":"","placeholder":"","visible":true,"editable":true},"list":{"label":"height","searchable":true,"sortable":true}},"formats":{"edit":{"label":"formats","description":"","placeholder":"","visible":true,"editable":true},"list":{"label":"formats","searchable":false,"sortable":false}},"hash":{"edit":{"label":"hash","description":"","placeholder":"","visible":true,"editable":true},"list":{"label":"hash","searchable":true,"sortable":true}},"ext":{"edit":{"label":"ext","description":"","placeholder":"","visible":true,"editable":true},"list":{"label":"ext","searchable":true,"sortable":true}},"mime":{"edit":{"label":"mime","description":"","placeholder":"","visible":true,"editable":true},"list":{"label":"mime","searchable":true,"sortable":true}},"size":{"edit":{"label":"size","description":"","placeholder":"","visible":true,"editable":true},"list":{"label":"size","searchable":true,"sortable":true}},"url":{"edit":{"label":"url","description":"","placeholder":"","visible":true,"editable":true},"list":{"label":"url","searchable":true,"sortable":true}},"previewUrl":{"edit":{"label":"previewUrl","description":"","placeholder":"","visible":true,"editable":true},"list":{"label":"previewUrl","searchable":true,"sortable":true}},"provider":{"edit":{"label":"provider","description":"","placeholder":"","visible":true,"editable":true},"list":{"label":"provider","searchable":true,"sortable":true}},"provider_metadata":{"edit":{"label":"provider_metadata","description":"","placeholder":"","visible":true,"editable":true},"list":{"label":"provider_metadata","searchable":false,"sortable":false}},"folder":{"edit":{"label":"folder","description":"","placeholder":"","visible":true,"editable":true,"mainField":"name"},"list":{"label":"folder","searchable":true,"sortable":true}},"folderPath":{"edit":{"label":"folderPath","description":"","placeholder":"","visible":true,"editable":true},"list":{"label":"folderPath","searchable":true,"sortable":true}},"createdAt":{"edit":{"label":"createdAt","description":"","placeholder":"","visible":false,"editable":true},"list":{"label":"createdAt","searchable":true,"sortable":true}},"updatedAt":{"edit":{"label":"updatedAt","description":"","placeholder":"","visible":false,"editable":true},"list":{"label":"updatedAt","searchable":true,"sortable":true}}},"layouts":{"list":["id","name","alternativeText","caption"],"edit":[[{"name":"name","size":6},{"name":"alternativeText","size":6}],[{"name":"caption","size":6},{"name":"width","size":4}],[{"name":"height","size":4}],[{"name":"formats","size":12}],[{"name":"hash","size":6},{"name":"ext","size":6}],[{"name":"mime","size":6},{"name":"size","size":4}],[{"name":"url","size":6},{"name":"previewUrl","size":6}],[{"name":"provider","size":6}],[{"name":"provider_metadata","size":12}],[{"name":"folder","size":6},{"name":"folderPath","size":6}]]}}', 'object', NULL, NULL);
INSERT INTO public.strapi_core_store_settings VALUES (15, 'plugin_users-permissions_grant', '{"email":{"enabled":true,"icon":"envelope"},"discord":{"enabled":false,"icon":"discord","key":"","secret":"","callback":"api/auth/discord/callback","scope":["identify","email"]},"facebook":{"enabled":false,"icon":"facebook-square","key":"","secret":"","callback":"api/auth/facebook/callback","scope":["email"]},"google":{"enabled":false,"icon":"google","key":"","secret":"","callback":"api/auth/google/callback","scope":["email"]},"github":{"enabled":false,"icon":"github","key":"","secret":"","callback":"api/auth/github/callback","scope":["user","user:email"]},"microsoft":{"enabled":false,"icon":"windows","key":"","secret":"","callback":"api/auth/microsoft/callback","scope":["user.read"]},"twitter":{"enabled":false,"icon":"twitter","key":"","secret":"","callback":"api/auth/twitter/callback"},"instagram":{"enabled":false,"icon":"instagram","key":"","secret":"","callback":"api/auth/instagram/callback","scope":["user_profile"]},"vk":{"enabled":false,"icon":"vk","key":"","secret":"","callback":"api/auth/vk/callback","scope":["email"]},"twitch":{"enabled":false,"icon":"twitch","key":"","secret":"","callback":"api/auth/twitch/callback","scope":["user:read:email"]},"linkedin":{"enabled":false,"icon":"linkedin","key":"","secret":"","callback":"api/auth/linkedin/callback","scope":["r_liteprofile","r_emailaddress"]},"cognito":{"enabled":false,"icon":"aws","key":"","secret":"","subdomain":"my.subdomain.com","callback":"api/auth/cognito/callback","scope":["email","openid","profile"]},"reddit":{"enabled":false,"icon":"reddit","key":"","secret":"","state":true,"callback":"api/auth/reddit/callback","scope":["identity"]},"auth0":{"enabled":false,"icon":"","key":"","secret":"","subdomain":"my-tenant.eu","callback":"api/auth/auth0/callback","scope":["openid","email","profile"]},"cas":{"enabled":false,"icon":"book","key":"","secret":"","callback":"api/auth/cas/callback","scope":["openid email"],"subdomain":"my.subdomain.com/cas"}}', 'object', NULL, NULL);
INSERT INTO public.strapi_core_store_settings VALUES (16, 'plugin_users-permissions_email', '{"reset_password":{"display":"Email.template.reset_password","icon":"sync","options":{"from":{"name":"Administration Panel","email":"no-reply@strapi.io"},"response_email":"","object":"Reset password","message":"<p>We heard that you lost your password. Sorry about that!</p>\n\n<p>But dont worry! You can use the following link to reset your password:</p>\n<p><%= URL %>?code=<%= TOKEN %></p>\n\n<p>Thanks.</p>"}},"email_confirmation":{"display":"Email.template.email_confirmation","icon":"check-square","options":{"from":{"name":"Administration Panel","email":"no-reply@strapi.io"},"response_email":"","object":"Account confirmation","message":"<p>Thank you for registering!</p>\n\n<p>You have to confirm your email address. Please click on the link below.</p>\n\n<p><%= URL %>?confirmation=<%= CODE %></p>\n\n<p>Thanks.</p>"}}}', 'object', NULL, NULL);
INSERT INTO public.strapi_core_store_settings VALUES (17, 'plugin_users-permissions_advanced', '{"unique_email":true,"allow_register":true,"email_confirmation":false,"email_reset_password":null,"email_confirmation_redirection":null,"default_role":"authenticated"}', 'object', NULL, NULL);
INSERT INTO public.strapi_core_store_settings VALUES (14, 'plugin_upload_metrics', '{"weeklySchedule":"46 10 19 * * 6","lastWeeklyUpdate":1670094646020}', 'object', NULL, NULL);
INSERT INTO public.strapi_core_store_settings VALUES (13, 'plugin_upload_settings', '{"sizeOptimization":false,"responsiveDimensions":false,"autoOrientation":false}', 'object', NULL, NULL);
INSERT INTO public.strapi_core_store_settings VALUES (11, 'plugin_content_manager_configuration_content_types::plugin::users-permissions.user', '{"uid":"plugin::users-permissions.user","settings":{"bulkable":true,"filterable":true,"searchable":true,"pageSize":10,"mainField":"username","defaultSortBy":"username","defaultSortOrder":"ASC"},"metadatas":{"id":{"edit":{},"list":{"label":"id","searchable":true,"sortable":true}},"username":{"edit":{"label":"username","description":"","placeholder":"","visible":true,"editable":true},"list":{"label":"username","searchable":true,"sortable":true}},"email":{"edit":{"label":"email","description":"","placeholder":"","visible":true,"editable":true},"list":{"label":"email","searchable":true,"sortable":true}},"provider":{"edit":{"label":"provider","description":"","placeholder":"","visible":false,"editable":true},"list":{"label":"provider","searchable":true,"sortable":true}},"password":{"edit":{"label":"password","description":"","placeholder":"","visible":true,"editable":true},"list":{"label":"password","searchable":true,"sortable":true}},"resetPasswordToken":{"edit":{"label":"resetPasswordToken","description":"","placeholder":"","visible":false,"editable":true},"list":{"label":"resetPasswordToken","searchable":true,"sortable":true}},"confirmationToken":{"edit":{"label":"confirmationToken","description":"","placeholder":"","visible":false,"editable":true},"list":{"label":"confirmationToken","searchable":true,"sortable":true}},"confirmed":{"edit":{"label":"confirmed","description":"","placeholder":"","visible":true,"editable":true},"list":{"label":"confirmed","searchable":true,"sortable":true}},"blocked":{"edit":{"label":"blocked","description":"","placeholder":"","visible":true,"editable":true},"list":{"label":"blocked","searchable":true,"sortable":true}},"role":{"edit":{"label":"role","description":"","placeholder":"","visible":true,"editable":true,"mainField":"name"},"list":{"label":"role","searchable":true,"sortable":true}},"createdAt":{"edit":{"label":"createdAt","description":"","placeholder":"","visible":false,"editable":true},"list":{"label":"createdAt","searchable":true,"sortable":true}},"updatedAt":{"edit":{"label":"updatedAt","description":"","placeholder":"","visible":false,"editable":true},"list":{"label":"updatedAt","searchable":true,"sortable":true}}},"layouts":{"list":["id","username","email","confirmed"],"edit":[[{"name":"username","size":6},{"name":"email","size":6}],[{"name":"password","size":6},{"name":"confirmed","size":4}],[{"name":"blocked","size":4},{"name":"role","size":6}]]}}', 'object', NULL, NULL);
INSERT INTO public.strapi_core_store_settings VALUES (12, 'plugin_content_manager_configuration_content_types::plugin::users-permissions.role', '{"uid":"plugin::users-permissions.role","settings":{"bulkable":true,"filterable":true,"searchable":true,"pageSize":10,"mainField":"name","defaultSortBy":"name","defaultSortOrder":"ASC"},"metadatas":{"id":{"edit":{},"list":{"label":"id","searchable":true,"sortable":true}},"name":{"edit":{"label":"name","description":"","placeholder":"","visible":true,"editable":true},"list":{"label":"name","searchable":true,"sortable":true}},"description":{"edit":{"label":"description","description":"","placeholder":"","visible":true,"editable":true},"list":{"label":"description","searchable":true,"sortable":true}},"type":{"edit":{"label":"type","description":"","placeholder":"","visible":true,"editable":true},"list":{"label":"type","searchable":true,"sortable":true}},"permissions":{"edit":{"label":"permissions","description":"","placeholder":"","visible":true,"editable":true,"mainField":"action"},"list":{"label":"permissions","searchable":false,"sortable":false}},"users":{"edit":{"label":"users","description":"","placeholder":"","visible":true,"editable":true,"mainField":"username"},"list":{"label":"users","searchable":false,"sortable":false}},"createdAt":{"edit":{"label":"createdAt","description":"","placeholder":"","visible":false,"editable":true},"list":{"label":"createdAt","searchable":true,"sortable":true}},"updatedAt":{"edit":{"label":"updatedAt","description":"","placeholder":"","visible":false,"editable":true},"list":{"label":"updatedAt","searchable":true,"sortable":true}}},"layouts":{"list":["id","name","description","type"],"edit":[[{"name":"name","size":6},{"name":"description","size":6}],[{"name":"type","size":6},{"name":"permissions","size":6}],[{"name":"users","size":6}]]}}', 'object', NULL, NULL);
INSERT INTO public.strapi_core_store_settings VALUES (20, 'plugin_content_manager_configuration_components::shared.link', '{"uid":"shared.link","settings":{"bulkable":true,"filterable":true,"searchable":true,"pageSize":10,"mainField":"href","defaultSortBy":"href","defaultSortOrder":"ASC"},"metadatas":{"id":{"edit":{},"list":{"label":"id","searchable":false,"sortable":false}},"href":{"edit":{"label":"href","description":"","placeholder":"","visible":true,"editable":true},"list":{"label":"href","searchable":true,"sortable":true}},"label":{"edit":{"label":"label","description":"","placeholder":"","visible":true,"editable":true},"list":{"label":"label","searchable":true,"sortable":true}},"target":{"edit":{"label":"target","description":"","placeholder":"","visible":true,"editable":true},"list":{"label":"target","searchable":true,"sortable":true}},"isExternal":{"edit":{"label":"isExternal","description":"","placeholder":"","visible":true,"editable":true},"list":{"label":"isExternal","searchable":true,"sortable":true}}},"layouts":{"list":["id","href","label","target"],"edit":[[{"name":"href","size":6},{"name":"label","size":6}],[{"name":"target","size":6},{"name":"isExternal","size":4}]]},"isComponent":true}', 'object', NULL, NULL);
INSERT INTO public.strapi_core_store_settings VALUES (21, 'plugin_content_manager_configuration_components::shared.seo', '{"uid":"shared.seo","settings":{"bulkable":true,"filterable":true,"searchable":true,"pageSize":10,"mainField":"metaTitle","defaultSortBy":"metaTitle","defaultSortOrder":"ASC"},"metadatas":{"id":{"edit":{},"list":{"label":"id","searchable":false,"sortable":false}},"metaTitle":{"edit":{"label":"metaTitle","description":"","placeholder":"","visible":true,"editable":true},"list":{"label":"metaTitle","searchable":true,"sortable":true}},"metaDescription":{"edit":{"label":"metaDescription","description":"","placeholder":"","visible":true,"editable":true},"list":{"label":"metaDescription","searchable":true,"sortable":true}}},"layouts":{"list":["id","metaTitle","metaDescription"],"edit":[[{"name":"metaTitle","size":6},{"name":"metaDescription","size":6}]]},"isComponent":true}', 'object', NULL, NULL);
INSERT INTO public.strapi_core_store_settings VALUES (24, 'plugin_content_manager_configuration_components::blocks.hero-slider-item', '{"uid":"blocks.hero-slider-item","settings":{"bulkable":true,"filterable":true,"searchable":true,"pageSize":10,"mainField":"title","defaultSortBy":"title","defaultSortOrder":"ASC"},"metadatas":{"id":{"edit":{},"list":{"label":"id","searchable":false,"sortable":false}},"image":{"edit":{"label":"image","description":"","placeholder":"","visible":true,"editable":true},"list":{"label":"image","searchable":false,"sortable":false}},"title":{"edit":{"label":"title","description":"","placeholder":"","visible":true,"editable":true},"list":{"label":"title","searchable":true,"sortable":true}},"text":{"edit":{"label":"text","description":"","placeholder":"","visible":true,"editable":true},"list":{"label":"text","searchable":true,"sortable":true}},"cta":{"edit":{"label":"cta","description":"","placeholder":"","visible":true,"editable":true},"list":{"label":"cta","searchable":false,"sortable":false}}},"layouts":{"list":["id","title","text","image"],"edit":[[{"name":"title","size":6}],[{"name":"text","size":6}],[{"name":"cta","size":12}],[{"name":"image","size":6}]]},"isComponent":true}', 'object', NULL, NULL);
INSERT INTO public.strapi_core_store_settings VALUES (25, 'plugin_content_manager_configuration_components::blocks.hero-slider', '{"uid":"blocks.hero-slider","settings":{"bulkable":true,"filterable":true,"searchable":true,"pageSize":10,"mainField":"id","defaultSortBy":"id","defaultSortOrder":"ASC"},"metadatas":{"id":{"edit":{},"list":{"label":"id","searchable":false,"sortable":false}},"heroSliderItems":{"edit":{"label":"heroSliderItems","description":"","placeholder":"","visible":true,"editable":true},"list":{"label":"heroSliderItems","searchable":false,"sortable":false}}},"layouts":{"list":["id","heroSliderItems"],"edit":[[{"name":"heroSliderItems","size":12}]]},"isComponent":true}', 'object', NULL, NULL);
INSERT INTO public.strapi_core_store_settings VALUES (26, 'plugin_content_manager_configuration_content_types::api::home-page.home-page', '{"uid":"api::home-page.home-page","settings":{"bulkable":true,"filterable":true,"searchable":true,"pageSize":10,"mainField":"id","defaultSortBy":"id","defaultSortOrder":"ASC"},"metadatas":{"id":{"edit":{},"list":{"label":"id","searchable":true,"sortable":true}},"seo":{"edit":{"label":"seo","description":"","placeholder":"","visible":true,"editable":true},"list":{"label":"seo","searchable":false,"sortable":false}},"heroSlider":{"edit":{"label":"heroSlider","description":"","placeholder":"","visible":true,"editable":true},"list":{"label":"heroSlider","searchable":false,"sortable":false}},"createdAt":{"edit":{"label":"createdAt","description":"","placeholder":"","visible":false,"editable":true},"list":{"label":"createdAt","searchable":true,"sortable":true}},"updatedAt":{"edit":{"label":"updatedAt","description":"","placeholder":"","visible":false,"editable":true},"list":{"label":"updatedAt","searchable":true,"sortable":true}}},"layouts":{"list":["id","seo","heroSlider","createdAt"],"edit":[[{"name":"seo","size":12}],[{"name":"heroSlider","size":12}]]}}', 'object', NULL, NULL);


--
-- TOC entry 3280 (class 0 OID 16394)
-- Dependencies: 199
-- Data for Name: strapi_database_schema; Type: TABLE DATA; Schema: public; Owner: postgres
--

INSERT INTO public.strapi_database_schema VALUES (8, '{"tables":[{"name":"strapi_core_store_settings","indexes":[],"foreignKeys":[],"columns":[{"name":"id","type":"increments","args":[{"primary":true,"primaryKey":true}],"defaultTo":null,"notNullable":true,"unsigned":false},{"name":"key","type":"string","args":[],"defaultTo":null,"notNullable":false,"unsigned":false},{"name":"value","type":"text","args":["longtext"],"defaultTo":null,"notNullable":false,"unsigned":false},{"name":"type","type":"string","args":[],"defaultTo":null,"notNullable":false,"unsigned":false},{"name":"environment","type":"string","args":[],"defaultTo":null,"notNullable":false,"unsigned":false},{"name":"tag","type":"string","args":[],"defaultTo":null,"notNullable":false,"unsigned":false}]},{"name":"strapi_webhooks","indexes":[],"foreignKeys":[],"columns":[{"name":"id","type":"increments","args":[{"primary":true,"primaryKey":true}],"defaultTo":null,"notNullable":true,"unsigned":false},{"name":"name","type":"string","args":[],"defaultTo":null,"notNullable":false,"unsigned":false},{"name":"url","type":"text","args":["longtext"],"defaultTo":null,"notNullable":false,"unsigned":false},{"name":"headers","type":"jsonb","args":[],"defaultTo":null,"notNullable":false,"unsigned":false},{"name":"events","type":"jsonb","args":[],"defaultTo":null,"notNullable":false,"unsigned":false},{"name":"enabled","type":"boolean","args":[],"defaultTo":null,"notNullable":false,"unsigned":false}]},{"name":"admin_permissions","indexes":[{"name":"admin_permissions_created_by_id_fk","columns":["created_by_id"]},{"name":"admin_permissions_updated_by_id_fk","columns":["updated_by_id"]}],"foreignKeys":[{"name":"admin_permissions_created_by_id_fk","columns":["created_by_id"],"referencedTable":"admin_users","referencedColumns":["id"],"onDelete":"SET NULL"},{"name":"admin_permissions_updated_by_id_fk","columns":["updated_by_id"],"referencedTable":"admin_users","referencedColumns":["id"],"onDelete":"SET NULL"}],"columns":[{"name":"id","type":"increments","args":[{"primary":true,"primaryKey":true}],"defaultTo":null,"notNullable":true,"unsigned":false},{"name":"action","type":"string","args":[],"defaultTo":null,"notNullable":false,"unsigned":false},{"name":"subject","type":"string","args":[],"defaultTo":null,"notNullable":false,"unsigned":false},{"name":"properties","type":"jsonb","args":[],"defaultTo":null,"notNullable":false,"unsigned":false},{"name":"conditions","type":"jsonb","args":[],"defaultTo":null,"notNullable":false,"unsigned":false},{"name":"created_at","type":"datetime","args":[{"useTz":false,"precision":6}],"defaultTo":null,"notNullable":false,"unsigned":false},{"name":"updated_at","type":"datetime","args":[{"useTz":false,"precision":6}],"defaultTo":null,"notNullable":false,"unsigned":false},{"name":"created_by_id","type":"integer","args":[],"defaultTo":null,"notNullable":false,"unsigned":true},{"name":"updated_by_id","type":"integer","args":[],"defaultTo":null,"notNullable":false,"unsigned":true}]},{"name":"admin_users","indexes":[{"name":"admin_users_created_by_id_fk","columns":["created_by_id"]},{"name":"admin_users_updated_by_id_fk","columns":["updated_by_id"]}],"foreignKeys":[{"name":"admin_users_created_by_id_fk","columns":["created_by_id"],"referencedTable":"admin_users","referencedColumns":["id"],"onDelete":"SET NULL"},{"name":"admin_users_updated_by_id_fk","columns":["updated_by_id"],"referencedTable":"admin_users","referencedColumns":["id"],"onDelete":"SET NULL"}],"columns":[{"name":"id","type":"increments","args":[{"primary":true,"primaryKey":true}],"defaultTo":null,"notNullable":true,"unsigned":false},{"name":"firstname","type":"string","args":[],"defaultTo":null,"notNullable":false,"unsigned":false},{"name":"lastname","type":"string","args":[],"defaultTo":null,"notNullable":false,"unsigned":false},{"name":"username","type":"string","args":[],"defaultTo":null,"notNullable":false,"unsigned":false},{"name":"email","type":"string","args":[],"defaultTo":null,"notNullable":false,"unsigned":false},{"name":"password","type":"string","args":[],"defaultTo":null,"notNullable":false,"unsigned":false},{"name":"reset_password_token","type":"string","args":[],"defaultTo":null,"notNullable":false,"unsigned":false},{"name":"registration_token","type":"string","args":[],"defaultTo":null,"notNullable":false,"unsigned":false},{"name":"is_active","type":"boolean","args":[],"defaultTo":null,"notNullable":false,"unsigned":false},{"name":"blocked","type":"boolean","args":[],"defaultTo":null,"notNullable":false,"unsigned":false},{"name":"prefered_language","type":"string","args":[],"defaultTo":null,"notNullable":false,"unsigned":false},{"name":"created_at","type":"datetime","args":[{"useTz":false,"precision":6}],"defaultTo":null,"notNullable":false,"unsigned":false},{"name":"updated_at","type":"datetime","args":[{"useTz":false,"precision":6}],"defaultTo":null,"notNullable":false,"unsigned":false},{"name":"created_by_id","type":"integer","args":[],"defaultTo":null,"notNullable":false,"unsigned":true},{"name":"updated_by_id","type":"integer","args":[],"defaultTo":null,"notNullable":false,"unsigned":true}]},{"name":"admin_roles","indexes":[{"name":"admin_roles_created_by_id_fk","columns":["created_by_id"]},{"name":"admin_roles_updated_by_id_fk","columns":["updated_by_id"]}],"foreignKeys":[{"name":"admin_roles_created_by_id_fk","columns":["created_by_id"],"referencedTable":"admin_users","referencedColumns":["id"],"onDelete":"SET NULL"},{"name":"admin_roles_updated_by_id_fk","columns":["updated_by_id"],"referencedTable":"admin_users","referencedColumns":["id"],"onDelete":"SET NULL"}],"columns":[{"name":"id","type":"increments","args":[{"primary":true,"primaryKey":true}],"defaultTo":null,"notNullable":true,"unsigned":false},{"name":"name","type":"string","args":[],"defaultTo":null,"notNullable":false,"unsigned":false},{"name":"code","type":"string","args":[],"defaultTo":null,"notNullable":false,"unsigned":false},{"name":"description","type":"string","args":[],"defaultTo":null,"notNullable":false,"unsigned":false},{"name":"created_at","type":"datetime","args":[{"useTz":false,"precision":6}],"defaultTo":null,"notNullable":false,"unsigned":false},{"name":"updated_at","type":"datetime","args":[{"useTz":false,"precision":6}],"defaultTo":null,"notNullable":false,"unsigned":false},{"name":"created_by_id","type":"integer","args":[],"defaultTo":null,"notNullable":false,"unsigned":true},{"name":"updated_by_id","type":"integer","args":[],"defaultTo":null,"notNullable":false,"unsigned":true}]},{"name":"strapi_api_tokens","indexes":[{"name":"strapi_api_tokens_created_by_id_fk","columns":["created_by_id"]},{"name":"strapi_api_tokens_updated_by_id_fk","columns":["updated_by_id"]}],"foreignKeys":[{"name":"strapi_api_tokens_created_by_id_fk","columns":["created_by_id"],"referencedTable":"admin_users","referencedColumns":["id"],"onDelete":"SET NULL"},{"name":"strapi_api_tokens_updated_by_id_fk","columns":["updated_by_id"],"referencedTable":"admin_users","referencedColumns":["id"],"onDelete":"SET NULL"}],"columns":[{"name":"id","type":"increments","args":[{"primary":true,"primaryKey":true}],"defaultTo":null,"notNullable":true,"unsigned":false},{"name":"name","type":"string","args":[],"defaultTo":null,"notNullable":false,"unsigned":false},{"name":"description","type":"string","args":[],"defaultTo":null,"notNullable":false,"unsigned":false},{"name":"type","type":"string","args":[],"defaultTo":null,"notNullable":false,"unsigned":false},{"name":"access_key","type":"string","args":[],"defaultTo":null,"notNullable":false,"unsigned":false},{"name":"last_used_at","type":"datetime","args":[{"useTz":false,"precision":6}],"defaultTo":null,"notNullable":false,"unsigned":false},{"name":"expires_at","type":"datetime","args":[{"useTz":false,"precision":6}],"defaultTo":null,"notNullable":false,"unsigned":false},{"name":"lifespan","type":"bigInteger","args":[],"defaultTo":null,"notNullable":false,"unsigned":false},{"name":"created_at","type":"datetime","args":[{"useTz":false,"precision":6}],"defaultTo":null,"notNullable":false,"unsigned":false},{"name":"updated_at","type":"datetime","args":[{"useTz":false,"precision":6}],"defaultTo":null,"notNullable":false,"unsigned":false},{"name":"created_by_id","type":"integer","args":[],"defaultTo":null,"notNullable":false,"unsigned":true},{"name":"updated_by_id","type":"integer","args":[],"defaultTo":null,"notNullable":false,"unsigned":true}]},{"name":"strapi_api_token_permissions","indexes":[{"name":"strapi_api_token_permissions_created_by_id_fk","columns":["created_by_id"]},{"name":"strapi_api_token_permissions_updated_by_id_fk","columns":["updated_by_id"]}],"foreignKeys":[{"name":"strapi_api_token_permissions_created_by_id_fk","columns":["created_by_id"],"referencedTable":"admin_users","referencedColumns":["id"],"onDelete":"SET NULL"},{"name":"strapi_api_token_permissions_updated_by_id_fk","columns":["updated_by_id"],"referencedTable":"admin_users","referencedColumns":["id"],"onDelete":"SET NULL"}],"columns":[{"name":"id","type":"increments","args":[{"primary":true,"primaryKey":true}],"defaultTo":null,"notNullable":true,"unsigned":false},{"name":"action","type":"string","args":[],"defaultTo":null,"notNullable":false,"unsigned":false},{"name":"created_at","type":"datetime","args":[{"useTz":false,"precision":6}],"defaultTo":null,"notNullable":false,"unsigned":false},{"name":"updated_at","type":"datetime","args":[{"useTz":false,"precision":6}],"defaultTo":null,"notNullable":false,"unsigned":false},{"name":"created_by_id","type":"integer","args":[],"defaultTo":null,"notNullable":false,"unsigned":true},{"name":"updated_by_id","type":"integer","args":[],"defaultTo":null,"notNullable":false,"unsigned":true}]},{"name":"home_pages","indexes":[{"name":"home_pages_created_by_id_fk","columns":["created_by_id"]},{"name":"home_pages_updated_by_id_fk","columns":["updated_by_id"]}],"foreignKeys":[{"name":"home_pages_created_by_id_fk","columns":["created_by_id"],"referencedTable":"admin_users","referencedColumns":["id"],"onDelete":"SET NULL"},{"name":"home_pages_updated_by_id_fk","columns":["updated_by_id"],"referencedTable":"admin_users","referencedColumns":["id"],"onDelete":"SET NULL"}],"columns":[{"name":"id","type":"increments","args":[{"primary":true,"primaryKey":true}],"defaultTo":null,"notNullable":true,"unsigned":false},{"name":"created_at","type":"datetime","args":[{"useTz":false,"precision":6}],"defaultTo":null,"notNullable":false,"unsigned":false},{"name":"updated_at","type":"datetime","args":[{"useTz":false,"precision":6}],"defaultTo":null,"notNullable":false,"unsigned":false},{"name":"published_at","type":"datetime","args":[{"useTz":false,"precision":6}],"defaultTo":null,"notNullable":false,"unsigned":false},{"name":"created_by_id","type":"integer","args":[],"defaultTo":null,"notNullable":false,"unsigned":true},{"name":"updated_by_id","type":"integer","args":[],"defaultTo":null,"notNullable":false,"unsigned":true},{"name":"locale","type":"string","args":[],"defaultTo":null,"notNullable":false,"unsigned":false}]},{"name":"files","indexes":[{"name":"upload_files_folder_path_index","columns":["folder_path"],"type":null},{"name":"files_created_by_id_fk","columns":["created_by_id"]},{"name":"files_updated_by_id_fk","columns":["updated_by_id"]}],"foreignKeys":[{"name":"files_created_by_id_fk","columns":["created_by_id"],"referencedTable":"admin_users","referencedColumns":["id"],"onDelete":"SET NULL"},{"name":"files_updated_by_id_fk","columns":["updated_by_id"],"referencedTable":"admin_users","referencedColumns":["id"],"onDelete":"SET NULL"}],"columns":[{"name":"id","type":"increments","args":[{"primary":true,"primaryKey":true}],"defaultTo":null,"notNullable":true,"unsigned":false},{"name":"name","type":"string","args":[],"defaultTo":null,"notNullable":false,"unsigned":false},{"name":"alternative_text","type":"string","args":[],"defaultTo":null,"notNullable":false,"unsigned":false},{"name":"caption","type":"string","args":[],"defaultTo":null,"notNullable":false,"unsigned":false},{"name":"width","type":"integer","args":[],"defaultTo":null,"notNullable":false,"unsigned":false},{"name":"height","type":"integer","args":[],"defaultTo":null,"notNullable":false,"unsigned":false},{"name":"formats","type":"jsonb","args":[],"defaultTo":null,"notNullable":false,"unsigned":false},{"name":"hash","type":"string","args":[],"defaultTo":null,"notNullable":false,"unsigned":false},{"name":"ext","type":"string","args":[],"defaultTo":null,"notNullable":false,"unsigned":false},{"name":"mime","type":"string","args":[],"defaultTo":null,"notNullable":false,"unsigned":false},{"name":"size","type":"decimal","args":[10,2],"defaultTo":null,"notNullable":false,"unsigned":false},{"name":"url","type":"string","args":[],"defaultTo":null,"notNullable":false,"unsigned":false},{"name":"preview_url","type":"string","args":[],"defaultTo":null,"notNullable":false,"unsigned":false},{"name":"provider","type":"string","args":[],"defaultTo":null,"notNullable":false,"unsigned":false},{"name":"provider_metadata","type":"jsonb","args":[],"defaultTo":null,"notNullable":false,"unsigned":false},{"name":"folder_path","type":"string","args":[],"defaultTo":null,"notNullable":false,"unsigned":false},{"name":"created_at","type":"datetime","args":[{"useTz":false,"precision":6}],"defaultTo":null,"notNullable":false,"unsigned":false},{"name":"updated_at","type":"datetime","args":[{"useTz":false,"precision":6}],"defaultTo":null,"notNullable":false,"unsigned":false},{"name":"created_by_id","type":"integer","args":[],"defaultTo":null,"notNullable":false,"unsigned":true},{"name":"updated_by_id","type":"integer","args":[],"defaultTo":null,"notNullable":false,"unsigned":true}]},{"name":"upload_folders","indexes":[{"name":"upload_folders_path_id_index","columns":["path_id"],"type":"unique"},{"name":"upload_folders_path_index","columns":["path"],"type":"unique"},{"name":"upload_folders_created_by_id_fk","columns":["created_by_id"]},{"name":"upload_folders_updated_by_id_fk","columns":["updated_by_id"]}],"foreignKeys":[{"name":"upload_folders_created_by_id_fk","columns":["created_by_id"],"referencedTable":"admin_users","referencedColumns":["id"],"onDelete":"SET NULL"},{"name":"upload_folders_updated_by_id_fk","columns":["updated_by_id"],"referencedTable":"admin_users","referencedColumns":["id"],"onDelete":"SET NULL"}],"columns":[{"name":"id","type":"increments","args":[{"primary":true,"primaryKey":true}],"defaultTo":null,"notNullable":true,"unsigned":false},{"name":"name","type":"string","args":[],"defaultTo":null,"notNullable":false,"unsigned":false},{"name":"path_id","type":"integer","args":[],"defaultTo":null,"notNullable":false,"unsigned":false},{"name":"path","type":"string","args":[],"defaultTo":null,"notNullable":false,"unsigned":false},{"name":"created_at","type":"datetime","args":[{"useTz":false,"precision":6}],"defaultTo":null,"notNullable":false,"unsigned":false},{"name":"updated_at","type":"datetime","args":[{"useTz":false,"precision":6}],"defaultTo":null,"notNullable":false,"unsigned":false},{"name":"created_by_id","type":"integer","args":[],"defaultTo":null,"notNullable":false,"unsigned":true},{"name":"updated_by_id","type":"integer","args":[],"defaultTo":null,"notNullable":false,"unsigned":true}]},{"name":"i18n_locale","indexes":[{"name":"i18n_locale_created_by_id_fk","columns":["created_by_id"]},{"name":"i18n_locale_updated_by_id_fk","columns":["updated_by_id"]}],"foreignKeys":[{"name":"i18n_locale_created_by_id_fk","columns":["created_by_id"],"referencedTable":"admin_users","referencedColumns":["id"],"onDelete":"SET NULL"},{"name":"i18n_locale_updated_by_id_fk","columns":["updated_by_id"],"referencedTable":"admin_users","referencedColumns":["id"],"onDelete":"SET NULL"}],"columns":[{"name":"id","type":"increments","args":[{"primary":true,"primaryKey":true}],"defaultTo":null,"notNullable":true,"unsigned":false},{"name":"name","type":"string","args":[],"defaultTo":null,"notNullable":false,"unsigned":false},{"name":"code","type":"string","args":[],"defaultTo":null,"notNullable":false,"unsigned":false},{"name":"created_at","type":"datetime","args":[{"useTz":false,"precision":6}],"defaultTo":null,"notNullable":false,"unsigned":false},{"name":"updated_at","type":"datetime","args":[{"useTz":false,"precision":6}],"defaultTo":null,"notNullable":false,"unsigned":false},{"name":"created_by_id","type":"integer","args":[],"defaultTo":null,"notNullable":false,"unsigned":true},{"name":"updated_by_id","type":"integer","args":[],"defaultTo":null,"notNullable":false,"unsigned":true}]},{"name":"up_permissions","indexes":[{"name":"up_permissions_created_by_id_fk","columns":["created_by_id"]},{"name":"up_permissions_updated_by_id_fk","columns":["updated_by_id"]}],"foreignKeys":[{"name":"up_permissions_created_by_id_fk","columns":["created_by_id"],"referencedTable":"admin_users","referencedColumns":["id"],"onDelete":"SET NULL"},{"name":"up_permissions_updated_by_id_fk","columns":["updated_by_id"],"referencedTable":"admin_users","referencedColumns":["id"],"onDelete":"SET NULL"}],"columns":[{"name":"id","type":"increments","args":[{"primary":true,"primaryKey":true}],"defaultTo":null,"notNullable":true,"unsigned":false},{"name":"action","type":"string","args":[],"defaultTo":null,"notNullable":false,"unsigned":false},{"name":"created_at","type":"datetime","args":[{"useTz":false,"precision":6}],"defaultTo":null,"notNullable":false,"unsigned":false},{"name":"updated_at","type":"datetime","args":[{"useTz":false,"precision":6}],"defaultTo":null,"notNullable":false,"unsigned":false},{"name":"created_by_id","type":"integer","args":[],"defaultTo":null,"notNullable":false,"unsigned":true},{"name":"updated_by_id","type":"integer","args":[],"defaultTo":null,"notNullable":false,"unsigned":true}]},{"name":"up_roles","indexes":[{"name":"up_roles_created_by_id_fk","columns":["created_by_id"]},{"name":"up_roles_updated_by_id_fk","columns":["updated_by_id"]}],"foreignKeys":[{"name":"up_roles_created_by_id_fk","columns":["created_by_id"],"referencedTable":"admin_users","referencedColumns":["id"],"onDelete":"SET NULL"},{"name":"up_roles_updated_by_id_fk","columns":["updated_by_id"],"referencedTable":"admin_users","referencedColumns":["id"],"onDelete":"SET NULL"}],"columns":[{"name":"id","type":"increments","args":[{"primary":true,"primaryKey":true}],"defaultTo":null,"notNullable":true,"unsigned":false},{"name":"name","type":"string","args":[],"defaultTo":null,"notNullable":false,"unsigned":false},{"name":"description","type":"string","args":[],"defaultTo":null,"notNullable":false,"unsigned":false},{"name":"type","type":"string","args":[],"defaultTo":null,"notNullable":false,"unsigned":false},{"name":"created_at","type":"datetime","args":[{"useTz":false,"precision":6}],"defaultTo":null,"notNullable":false,"unsigned":false},{"name":"updated_at","type":"datetime","args":[{"useTz":false,"precision":6}],"defaultTo":null,"notNullable":false,"unsigned":false},{"name":"created_by_id","type":"integer","args":[],"defaultTo":null,"notNullable":false,"unsigned":true},{"name":"updated_by_id","type":"integer","args":[],"defaultTo":null,"notNullable":false,"unsigned":true}]},{"name":"up_users","indexes":[{"name":"up_users_created_by_id_fk","columns":["created_by_id"]},{"name":"up_users_updated_by_id_fk","columns":["updated_by_id"]}],"foreignKeys":[{"name":"up_users_created_by_id_fk","columns":["created_by_id"],"referencedTable":"admin_users","referencedColumns":["id"],"onDelete":"SET NULL"},{"name":"up_users_updated_by_id_fk","columns":["updated_by_id"],"referencedTable":"admin_users","referencedColumns":["id"],"onDelete":"SET NULL"}],"columns":[{"name":"id","type":"increments","args":[{"primary":true,"primaryKey":true}],"defaultTo":null,"notNullable":true,"unsigned":false},{"name":"username","type":"string","args":[],"defaultTo":null,"notNullable":false,"unsigned":false},{"name":"email","type":"string","args":[],"defaultTo":null,"notNullable":false,"unsigned":false},{"name":"provider","type":"string","args":[],"defaultTo":null,"notNullable":false,"unsigned":false},{"name":"password","type":"string","args":[],"defaultTo":null,"notNullable":false,"unsigned":false},{"name":"reset_password_token","type":"string","args":[],"defaultTo":null,"notNullable":false,"unsigned":false},{"name":"confirmation_token","type":"string","args":[],"defaultTo":null,"notNullable":false,"unsigned":false},{"name":"confirmed","type":"boolean","args":[],"defaultTo":null,"notNullable":false,"unsigned":false},{"name":"blocked","type":"boolean","args":[],"defaultTo":null,"notNullable":false,"unsigned":false},{"name":"created_at","type":"datetime","args":[{"useTz":false,"precision":6}],"defaultTo":null,"notNullable":false,"unsigned":false},{"name":"updated_at","type":"datetime","args":[{"useTz":false,"precision":6}],"defaultTo":null,"notNullable":false,"unsigned":false},{"name":"created_by_id","type":"integer","args":[],"defaultTo":null,"notNullable":false,"unsigned":true},{"name":"updated_by_id","type":"integer","args":[],"defaultTo":null,"notNullable":false,"unsigned":true}]},{"name":"components_blocks_hero_slider_items","indexes":[],"foreignKeys":[],"columns":[{"name":"id","type":"increments","args":[{"primary":true,"primaryKey":true}],"defaultTo":null,"notNullable":true,"unsigned":false},{"name":"title","type":"string","args":[],"defaultTo":null,"notNullable":false,"unsigned":false},{"name":"text","type":"string","args":[],"defaultTo":null,"notNullable":false,"unsigned":false}]},{"name":"components_blocks_hero_sliders","indexes":[],"foreignKeys":[],"columns":[{"name":"id","type":"increments","args":[{"primary":true,"primaryKey":true}],"defaultTo":null,"notNullable":true,"unsigned":false}]},{"name":"components_shared_links","indexes":[],"foreignKeys":[],"columns":[{"name":"id","type":"increments","args":[{"primary":true,"primaryKey":true}],"defaultTo":null,"notNullable":true,"unsigned":false},{"name":"href","type":"string","args":[],"defaultTo":null,"notNullable":false,"unsigned":false},{"name":"label","type":"string","args":[],"defaultTo":null,"notNullable":false,"unsigned":false},{"name":"target","type":"string","args":[],"defaultTo":null,"notNullable":false,"unsigned":false},{"name":"is_external","type":"boolean","args":[],"defaultTo":null,"notNullable":false,"unsigned":false}]},{"name":"components_shared_seos","indexes":[],"foreignKeys":[],"columns":[{"name":"id","type":"increments","args":[{"primary":true,"primaryKey":true}],"defaultTo":null,"notNullable":true,"unsigned":false},{"name":"meta_title","type":"string","args":[],"defaultTo":null,"notNullable":false,"unsigned":false},{"name":"meta_description","type":"string","args":[],"defaultTo":null,"notNullable":false,"unsigned":false}]},{"name":"admin_permissions_role_links","indexes":[{"name":"admin_permissions_role_links_fk","columns":["permission_id"]},{"name":"admin_permissions_role_links_inv_fk","columns":["role_id"]},{"name":"admin_permissions_role_links_unique","columns":["permission_id","role_id"],"type":"unique"},{"name":"admin_permissions_role_links_order_inv_fk","columns":["permission_order"]}],"foreignKeys":[{"name":"admin_permissions_role_links_fk","columns":["permission_id"],"referencedColumns":["id"],"referencedTable":"admin_permissions","onDelete":"CASCADE"},{"name":"admin_permissions_role_links_inv_fk","columns":["role_id"],"referencedColumns":["id"],"referencedTable":"admin_roles","onDelete":"CASCADE"}],"columns":[{"name":"id","type":"increments","args":[{"primary":true,"primaryKey":true}],"defaultTo":null,"notNullable":true,"unsigned":false},{"name":"permission_id","type":"integer","args":[],"defaultTo":null,"notNullable":false,"unsigned":true},{"name":"role_id","type":"integer","args":[],"defaultTo":null,"notNullable":false,"unsigned":true},{"name":"permission_order","type":"integer","args":[],"defaultTo":null,"notNullable":false,"unsigned":true}]},{"name":"admin_users_roles_links","indexes":[{"name":"admin_users_roles_links_fk","columns":["user_id"]},{"name":"admin_users_roles_links_inv_fk","columns":["role_id"]},{"name":"admin_users_roles_links_unique","columns":["user_id","role_id"],"type":"unique"},{"name":"admin_users_roles_links_order_fk","columns":["role_order"]},{"name":"admin_users_roles_links_order_inv_fk","columns":["user_order"]}],"foreignKeys":[{"name":"admin_users_roles_links_fk","columns":["user_id"],"referencedColumns":["id"],"referencedTable":"admin_users","onDelete":"CASCADE"},{"name":"admin_users_roles_links_inv_fk","columns":["role_id"],"referencedColumns":["id"],"referencedTable":"admin_roles","onDelete":"CASCADE"}],"columns":[{"name":"id","type":"increments","args":[{"primary":true,"primaryKey":true}],"defaultTo":null,"notNullable":true,"unsigned":false},{"name":"user_id","type":"integer","args":[],"defaultTo":null,"notNullable":false,"unsigned":true},{"name":"role_id","type":"integer","args":[],"defaultTo":null,"notNullable":false,"unsigned":true},{"name":"role_order","type":"integer","args":[],"defaultTo":null,"notNullable":false,"unsigned":true},{"name":"user_order","type":"integer","args":[],"defaultTo":null,"notNullable":false,"unsigned":true}]},{"name":"strapi_api_token_permissions_token_links","indexes":[{"name":"strapi_api_token_permissions_token_links_fk","columns":["api_token_permission_id"]},{"name":"strapi_api_token_permissions_token_links_inv_fk","columns":["api_token_id"]},{"name":"strapi_api_token_permissions_token_links_unique","columns":["api_token_permission_id","api_token_id"],"type":"unique"},{"name":"strapi_api_token_permissions_token_links_order_inv_fk","columns":["api_token_permission_order"]}],"foreignKeys":[{"name":"strapi_api_token_permissions_token_links_fk","columns":["api_token_permission_id"],"referencedColumns":["id"],"referencedTable":"strapi_api_token_permissions","onDelete":"CASCADE"},{"name":"strapi_api_token_permissions_token_links_inv_fk","columns":["api_token_id"],"referencedColumns":["id"],"referencedTable":"strapi_api_tokens","onDelete":"CASCADE"}],"columns":[{"name":"id","type":"increments","args":[{"primary":true,"primaryKey":true}],"defaultTo":null,"notNullable":true,"unsigned":false},{"name":"api_token_permission_id","type":"integer","args":[],"defaultTo":null,"notNullable":false,"unsigned":true},{"name":"api_token_id","type":"integer","args":[],"defaultTo":null,"notNullable":false,"unsigned":true},{"name":"api_token_permission_order","type":"integer","args":[],"defaultTo":null,"notNullable":false,"unsigned":true}]},{"name":"home_pages_components","indexes":[{"name":"home_pages_field_index","columns":["field"],"type":null},{"name":"home_pages_component_type_index","columns":["component_type"],"type":null},{"name":"home_pages_entity_fk","columns":["entity_id"]},{"name":"home_pages_unique","columns":["entity_id","component_id","field","component_type"],"type":"unique"}],"foreignKeys":[{"name":"home_pages_entity_fk","columns":["entity_id"],"referencedColumns":["id"],"referencedTable":"home_pages","onDelete":"CASCADE"}],"columns":[{"name":"id","type":"increments","args":[{"primary":true,"primaryKey":true}],"defaultTo":null,"notNullable":true,"unsigned":false},{"name":"entity_id","type":"integer","args":[],"defaultTo":null,"notNullable":false,"unsigned":true},{"name":"component_id","type":"integer","args":[],"defaultTo":null,"notNullable":false,"unsigned":true},{"name":"component_type","type":"string","args":[],"defaultTo":null,"notNullable":false,"unsigned":false},{"name":"field","type":"string","args":[],"defaultTo":null,"notNullable":false,"unsigned":false},{"name":"order","type":"integer","args":[],"defaultTo":null,"notNullable":false,"unsigned":true}]},{"name":"home_pages_localizations_links","indexes":[{"name":"home_pages_localizations_links_fk","columns":["home_page_id"]},{"name":"home_pages_localizations_links_inv_fk","columns":["inv_home_page_id"]},{"name":"home_pages_localizations_links_unique","columns":["home_page_id","inv_home_page_id"],"type":"unique"},{"name":"home_pages_localizations_links_order_fk","columns":["home_page_order"]}],"foreignKeys":[{"name":"home_pages_localizations_links_fk","columns":["home_page_id"],"referencedColumns":["id"],"referencedTable":"home_pages","onDelete":"CASCADE"},{"name":"home_pages_localizations_links_inv_fk","columns":["inv_home_page_id"],"referencedColumns":["id"],"referencedTable":"home_pages","onDelete":"CASCADE"}],"columns":[{"name":"id","type":"increments","args":[{"primary":true,"primaryKey":true}],"defaultTo":null,"notNullable":true,"unsigned":false},{"name":"home_page_id","type":"integer","args":[],"defaultTo":null,"notNullable":false,"unsigned":true},{"name":"inv_home_page_id","type":"integer","args":[],"defaultTo":null,"notNullable":false,"unsigned":true},{"name":"home_page_order","type":"integer","args":[],"defaultTo":null,"notNullable":false,"unsigned":true}]},{"name":"files_related_morphs","indexes":[{"name":"files_related_morphs_fk","columns":["file_id"]}],"foreignKeys":[{"name":"files_related_morphs_fk","columns":["file_id"],"referencedColumns":["id"],"referencedTable":"files","onDelete":"CASCADE"}],"columns":[{"name":"id","type":"increments","args":[{"primary":true,"primaryKey":true}],"defaultTo":null,"notNullable":true,"unsigned":false},{"name":"file_id","type":"integer","args":[],"defaultTo":null,"notNullable":false,"unsigned":true},{"name":"related_id","type":"integer","args":[],"defaultTo":null,"notNullable":false,"unsigned":true},{"name":"related_type","type":"string","args":[],"defaultTo":null,"notNullable":false,"unsigned":false},{"name":"field","type":"string","args":[],"defaultTo":null,"notNullable":false,"unsigned":false},{"name":"order","type":"integer","args":[],"defaultTo":null,"notNullable":false,"unsigned":true}]},{"name":"files_folder_links","indexes":[{"name":"files_folder_links_fk","columns":["file_id"]},{"name":"files_folder_links_inv_fk","columns":["folder_id"]},{"name":"files_folder_links_unique","columns":["file_id","folder_id"],"type":"unique"},{"name":"files_folder_links_order_inv_fk","columns":["file_order"]}],"foreignKeys":[{"name":"files_folder_links_fk","columns":["file_id"],"referencedColumns":["id"],"referencedTable":"files","onDelete":"CASCADE"},{"name":"files_folder_links_inv_fk","columns":["folder_id"],"referencedColumns":["id"],"referencedTable":"upload_folders","onDelete":"CASCADE"}],"columns":[{"name":"id","type":"increments","args":[{"primary":true,"primaryKey":true}],"defaultTo":null,"notNullable":true,"unsigned":false},{"name":"file_id","type":"integer","args":[],"defaultTo":null,"notNullable":false,"unsigned":true},{"name":"folder_id","type":"integer","args":[],"defaultTo":null,"notNullable":false,"unsigned":true},{"name":"file_order","type":"integer","args":[],"defaultTo":null,"notNullable":false,"unsigned":true}]},{"name":"upload_folders_parent_links","indexes":[{"name":"upload_folders_parent_links_fk","columns":["folder_id"]},{"name":"upload_folders_parent_links_inv_fk","columns":["inv_folder_id"]},{"name":"upload_folders_parent_links_unique","columns":["folder_id","inv_folder_id"],"type":"unique"},{"name":"upload_folders_parent_links_order_inv_fk","columns":["folder_order"]}],"foreignKeys":[{"name":"upload_folders_parent_links_fk","columns":["folder_id"],"referencedColumns":["id"],"referencedTable":"upload_folders","onDelete":"CASCADE"},{"name":"upload_folders_parent_links_inv_fk","columns":["inv_folder_id"],"referencedColumns":["id"],"referencedTable":"upload_folders","onDelete":"CASCADE"}],"columns":[{"name":"id","type":"increments","args":[{"primary":true,"primaryKey":true}],"defaultTo":null,"notNullable":true,"unsigned":false},{"name":"folder_id","type":"integer","args":[],"defaultTo":null,"notNullable":false,"unsigned":true},{"name":"inv_folder_id","type":"integer","args":[],"defaultTo":null,"notNullable":false,"unsigned":true},{"name":"folder_order","type":"integer","args":[],"defaultTo":null,"notNullable":false,"unsigned":true}]},{"name":"up_permissions_role_links","indexes":[{"name":"up_permissions_role_links_fk","columns":["permission_id"]},{"name":"up_permissions_role_links_inv_fk","columns":["role_id"]},{"name":"up_permissions_role_links_unique","columns":["permission_id","role_id"],"type":"unique"},{"name":"up_permissions_role_links_order_inv_fk","columns":["permission_order"]}],"foreignKeys":[{"name":"up_permissions_role_links_fk","columns":["permission_id"],"referencedColumns":["id"],"referencedTable":"up_permissions","onDelete":"CASCADE"},{"name":"up_permissions_role_links_inv_fk","columns":["role_id"],"referencedColumns":["id"],"referencedTable":"up_roles","onDelete":"CASCADE"}],"columns":[{"name":"id","type":"increments","args":[{"primary":true,"primaryKey":true}],"defaultTo":null,"notNullable":true,"unsigned":false},{"name":"permission_id","type":"integer","args":[],"defaultTo":null,"notNullable":false,"unsigned":true},{"name":"role_id","type":"integer","args":[],"defaultTo":null,"notNullable":false,"unsigned":true},{"name":"permission_order","type":"integer","args":[],"defaultTo":null,"notNullable":false,"unsigned":true}]},{"name":"up_users_role_links","indexes":[{"name":"up_users_role_links_fk","columns":["user_id"]},{"name":"up_users_role_links_inv_fk","columns":["role_id"]},{"name":"up_users_role_links_unique","columns":["user_id","role_id"],"type":"unique"},{"name":"up_users_role_links_order_inv_fk","columns":["user_order"]}],"foreignKeys":[{"name":"up_users_role_links_fk","columns":["user_id"],"referencedColumns":["id"],"referencedTable":"up_users","onDelete":"CASCADE"},{"name":"up_users_role_links_inv_fk","columns":["role_id"],"referencedColumns":["id"],"referencedTable":"up_roles","onDelete":"CASCADE"}],"columns":[{"name":"id","type":"increments","args":[{"primary":true,"primaryKey":true}],"defaultTo":null,"notNullable":true,"unsigned":false},{"name":"user_id","type":"integer","args":[],"defaultTo":null,"notNullable":false,"unsigned":true},{"name":"role_id","type":"integer","args":[],"defaultTo":null,"notNullable":false,"unsigned":true},{"name":"user_order","type":"integer","args":[],"defaultTo":null,"notNullable":false,"unsigned":true}]},{"name":"components_blocks_hero_slider_items_components","indexes":[{"name":"components_blocks_hero_slider_items_field_index","columns":["field"],"type":null},{"name":"components_blocks_hero_slider_items_component_type_index","columns":["component_type"],"type":null},{"name":"components_blocks_hero_slider_items_entity_fk","columns":["entity_id"]},{"name":"components_blocks_hero_slider_items_unique","columns":["entity_id","component_id","field","component_type"],"type":"unique"}],"foreignKeys":[{"name":"components_blocks_hero_slider_items_entity_fk","columns":["entity_id"],"referencedColumns":["id"],"referencedTable":"components_blocks_hero_slider_items","onDelete":"CASCADE"}],"columns":[{"name":"id","type":"increments","args":[{"primary":true,"primaryKey":true}],"defaultTo":null,"notNullable":true,"unsigned":false},{"name":"entity_id","type":"integer","args":[],"defaultTo":null,"notNullable":false,"unsigned":true},{"name":"component_id","type":"integer","args":[],"defaultTo":null,"notNullable":false,"unsigned":true},{"name":"component_type","type":"string","args":[],"defaultTo":null,"notNullable":false,"unsigned":false},{"name":"field","type":"string","args":[],"defaultTo":null,"notNullable":false,"unsigned":false},{"name":"order","type":"integer","args":[],"defaultTo":null,"notNullable":false,"unsigned":true}]},{"name":"components_blocks_hero_sliders_components","indexes":[{"name":"components_blocks_hero_sliders_field_index","columns":["field"],"type":null},{"name":"components_blocks_hero_sliders_component_type_index","columns":["component_type"],"type":null},{"name":"components_blocks_hero_sliders_entity_fk","columns":["entity_id"]},{"name":"components_blocks_hero_sliders_unique","columns":["entity_id","component_id","field","component_type"],"type":"unique"}],"foreignKeys":[{"name":"components_blocks_hero_sliders_entity_fk","columns":["entity_id"],"referencedColumns":["id"],"referencedTable":"components_blocks_hero_sliders","onDelete":"CASCADE"}],"columns":[{"name":"id","type":"increments","args":[{"primary":true,"primaryKey":true}],"defaultTo":null,"notNullable":true,"unsigned":false},{"name":"entity_id","type":"integer","args":[],"defaultTo":null,"notNullable":false,"unsigned":true},{"name":"component_id","type":"integer","args":[],"defaultTo":null,"notNullable":false,"unsigned":true},{"name":"component_type","type":"string","args":[],"defaultTo":null,"notNullable":false,"unsigned":false},{"name":"field","type":"string","args":[],"defaultTo":null,"notNullable":false,"unsigned":false},{"name":"order","type":"integer","args":[],"defaultTo":null,"notNullable":false,"unsigned":true}]}]}', '2022-12-03 21:46:54.038', 'e20c8201b40a60403ae0c1f81b7933b1');


--
-- TOC entry 3278 (class 0 OID 16386)
-- Dependencies: 197
-- Data for Name: strapi_migrations; Type: TABLE DATA; Schema: public; Owner: postgres
--



--
-- TOC entry 3284 (class 0 OID 16416)
-- Dependencies: 203
-- Data for Name: strapi_webhooks; Type: TABLE DATA; Schema: public; Owner: postgres
--



--
-- TOC entry 3300 (class 0 OID 16520)
-- Dependencies: 219
-- Data for Name: up_permissions; Type: TABLE DATA; Schema: public; Owner: postgres
--

INSERT INTO public.up_permissions VALUES (1, 'plugin::users-permissions.user.me', '2022-12-03 18:53:07.783', '2022-12-03 18:53:07.783', NULL, NULL);
INSERT INTO public.up_permissions VALUES (2, 'plugin::users-permissions.auth.changePassword', '2022-12-03 18:53:07.783', '2022-12-03 18:53:07.783', NULL, NULL);
INSERT INTO public.up_permissions VALUES (3, 'plugin::users-permissions.auth.emailConfirmation', '2022-12-03 18:53:07.823', '2022-12-03 18:53:07.823', NULL, NULL);
INSERT INTO public.up_permissions VALUES (4, 'plugin::users-permissions.auth.connect', '2022-12-03 18:53:07.823', '2022-12-03 18:53:07.823', NULL, NULL);
INSERT INTO public.up_permissions VALUES (5, 'plugin::users-permissions.auth.register', '2022-12-03 18:53:07.823', '2022-12-03 18:53:07.823', NULL, NULL);
INSERT INTO public.up_permissions VALUES (6, 'plugin::users-permissions.auth.callback', '2022-12-03 18:53:07.823', '2022-12-03 18:53:07.823', NULL, NULL);
INSERT INTO public.up_permissions VALUES (7, 'plugin::users-permissions.auth.resetPassword', '2022-12-03 18:53:07.823', '2022-12-03 18:53:07.823', NULL, NULL);
INSERT INTO public.up_permissions VALUES (8, 'plugin::users-permissions.auth.sendEmailConfirmation', '2022-12-03 18:53:07.823', '2022-12-03 18:53:07.823', NULL, NULL);
INSERT INTO public.up_permissions VALUES (9, 'plugin::users-permissions.auth.forgotPassword', '2022-12-03 18:53:07.823', '2022-12-03 18:53:07.823', NULL, NULL);


--
-- TOC entry 3320 (class 0 OID 16647)
-- Dependencies: 239
-- Data for Name: up_permissions_role_links; Type: TABLE DATA; Schema: public; Owner: postgres
--

INSERT INTO public.up_permissions_role_links VALUES (1, 1, 1, 1);
INSERT INTO public.up_permissions_role_links VALUES (2, 2, 1, 1);
INSERT INTO public.up_permissions_role_links VALUES (3, 5, 2, 1);
INSERT INTO public.up_permissions_role_links VALUES (4, 4, 2, 1);
INSERT INTO public.up_permissions_role_links VALUES (5, 6, 2, 1);
INSERT INTO public.up_permissions_role_links VALUES (6, 3, 2, 1);
INSERT INTO public.up_permissions_role_links VALUES (7, 7, 2, 1);
INSERT INTO public.up_permissions_role_links VALUES (8, 8, 2, 1);
INSERT INTO public.up_permissions_role_links VALUES (9, 9, 2, 1);


--
-- TOC entry 3302 (class 0 OID 16530)
-- Dependencies: 221
-- Data for Name: up_roles; Type: TABLE DATA; Schema: public; Owner: postgres
--

INSERT INTO public.up_roles VALUES (1, 'Authenticated', 'Default role given to authenticated user.', 'authenticated', '2022-12-03 18:53:07.74', '2022-12-03 18:53:07.74', NULL, NULL);
INSERT INTO public.up_roles VALUES (2, 'Public', 'Default role given to unauthenticated user.', 'public', '2022-12-03 18:53:07.757', '2022-12-03 18:53:07.757', NULL, NULL);


--
-- TOC entry 3304 (class 0 OID 16543)
-- Dependencies: 223
-- Data for Name: up_users; Type: TABLE DATA; Schema: public; Owner: postgres
--



--
-- TOC entry 3322 (class 0 OID 16660)
-- Dependencies: 241
-- Data for Name: up_users_role_links; Type: TABLE DATA; Schema: public; Owner: postgres
--



--
-- TOC entry 3298 (class 0 OID 16503)
-- Dependencies: 217
-- Data for Name: upload_folders; Type: TABLE DATA; Schema: public; Owner: postgres
--



--
-- TOC entry 3318 (class 0 OID 16634)
-- Dependencies: 237
-- Data for Name: upload_folders_parent_links; Type: TABLE DATA; Schema: public; Owner: postgres
--



--
-- TOC entry 3379 (class 0 OID 0)
-- Dependencies: 204
-- Name: admin_permissions_id_seq; Type: SEQUENCE SET; Schema: public; Owner: postgres
--

SELECT pg_catalog.setval('public.admin_permissions_id_seq', 67, true);


--
-- TOC entry 3380 (class 0 OID 0)
-- Dependencies: 226
-- Name: admin_permissions_role_links_id_seq; Type: SEQUENCE SET; Schema: public; Owner: postgres
--

SELECT pg_catalog.setval('public.admin_permissions_role_links_id_seq', 77, true);


--
-- TOC entry 3381 (class 0 OID 0)
-- Dependencies: 208
-- Name: admin_roles_id_seq; Type: SEQUENCE SET; Schema: public; Owner: postgres
--

SELECT pg_catalog.setval('public.admin_roles_id_seq', 3, true);


--
-- TOC entry 3382 (class 0 OID 0)
-- Dependencies: 206
-- Name: admin_users_id_seq; Type: SEQUENCE SET; Schema: public; Owner: postgres
--

SELECT pg_catalog.setval('public.admin_users_id_seq', 1, true);


--
-- TOC entry 3383 (class 0 OID 0)
-- Dependencies: 228
-- Name: admin_users_roles_links_id_seq; Type: SEQUENCE SET; Schema: public; Owner: postgres
--

SELECT pg_catalog.setval('public.admin_users_roles_links_id_seq', 1, true);


--
-- TOC entry 3384 (class 0 OID 0)
-- Dependencies: 250
-- Name: components_blocks_hero_slider_items_components_id_seq; Type: SEQUENCE SET; Schema: public; Owner: postgres
--

SELECT pg_catalog.setval('public.components_blocks_hero_slider_items_components_id_seq', 53, true);


--
-- TOC entry 3385 (class 0 OID 0)
-- Dependencies: 246
-- Name: components_blocks_hero_slider_items_id_seq; Type: SEQUENCE SET; Schema: public; Owner: postgres
--

SELECT pg_catalog.setval('public.components_blocks_hero_slider_items_id_seq', 44, true);


--
-- TOC entry 3386 (class 0 OID 0)
-- Dependencies: 252
-- Name: components_blocks_hero_sliders_components_id_seq; Type: SEQUENCE SET; Schema: public; Owner: postgres
--

SELECT pg_catalog.setval('public.components_blocks_hero_sliders_components_id_seq', 53, true);


--
-- TOC entry 3387 (class 0 OID 0)
-- Dependencies: 248
-- Name: components_blocks_hero_sliders_id_seq; Type: SEQUENCE SET; Schema: public; Owner: postgres
--

SELECT pg_catalog.setval('public.components_blocks_hero_sliders_id_seq', 3, true);


--
-- TOC entry 3388 (class 0 OID 0)
-- Dependencies: 242
-- Name: components_shared_links_id_seq; Type: SEQUENCE SET; Schema: public; Owner: postgres
--

SELECT pg_catalog.setval('public.components_shared_links_id_seq', 44, true);


--
-- TOC entry 3389 (class 0 OID 0)
-- Dependencies: 244
-- Name: components_shared_seos_id_seq; Type: SEQUENCE SET; Schema: public; Owner: postgres
--

SELECT pg_catalog.setval('public.components_shared_seos_id_seq', 3, true);


--
-- TOC entry 3390 (class 0 OID 0)
-- Dependencies: 234
-- Name: files_folder_links_id_seq; Type: SEQUENCE SET; Schema: public; Owner: postgres
--

SELECT pg_catalog.setval('public.files_folder_links_id_seq', 1, false);


--
-- TOC entry 3391 (class 0 OID 0)
-- Dependencies: 214
-- Name: files_id_seq; Type: SEQUENCE SET; Schema: public; Owner: postgres
--

SELECT pg_catalog.setval('public.files_id_seq', 36, true);


--
-- TOC entry 3392 (class 0 OID 0)
-- Dependencies: 232
-- Name: files_related_morphs_id_seq; Type: SEQUENCE SET; Schema: public; Owner: postgres
--

SELECT pg_catalog.setval('public.files_related_morphs_id_seq', 53, true);


--
-- TOC entry 3393 (class 0 OID 0)
-- Dependencies: 256
-- Name: home_pages_components_id_seq; Type: SEQUENCE SET; Schema: public; Owner: postgres
--

SELECT pg_catalog.setval('public.home_pages_components_id_seq', 42, true);


--
-- TOC entry 3394 (class 0 OID 0)
-- Dependencies: 254
-- Name: home_pages_id_seq; Type: SEQUENCE SET; Schema: public; Owner: postgres
--

SELECT pg_catalog.setval('public.home_pages_id_seq', 3, true);


--
-- TOC entry 3395 (class 0 OID 0)
-- Dependencies: 258
-- Name: home_pages_localizations_links_id_seq; Type: SEQUENCE SET; Schema: public; Owner: postgres
--

SELECT pg_catalog.setval('public.home_pages_localizations_links_id_seq', 8, true);


--
-- TOC entry 3396 (class 0 OID 0)
-- Dependencies: 224
-- Name: i18n_locale_id_seq; Type: SEQUENCE SET; Schema: public; Owner: postgres
--

SELECT pg_catalog.setval('public.i18n_locale_id_seq', 3, true);


--
-- TOC entry 3397 (class 0 OID 0)
-- Dependencies: 212
-- Name: strapi_api_token_permissions_id_seq; Type: SEQUENCE SET; Schema: public; Owner: postgres
--

SELECT pg_catalog.setval('public.strapi_api_token_permissions_id_seq', 1, false);


--
-- TOC entry 3398 (class 0 OID 0)
-- Dependencies: 230
-- Name: strapi_api_token_permissions_token_links_id_seq; Type: SEQUENCE SET; Schema: public; Owner: postgres
--

SELECT pg_catalog.setval('public.strapi_api_token_permissions_token_links_id_seq', 1, false);


--
-- TOC entry 3399 (class 0 OID 0)
-- Dependencies: 210
-- Name: strapi_api_tokens_id_seq; Type: SEQUENCE SET; Schema: public; Owner: postgres
--

SELECT pg_catalog.setval('public.strapi_api_tokens_id_seq', 1, true);


--
-- TOC entry 3400 (class 0 OID 0)
-- Dependencies: 200
-- Name: strapi_core_store_settings_id_seq; Type: SEQUENCE SET; Schema: public; Owner: postgres
--

SELECT pg_catalog.setval('public.strapi_core_store_settings_id_seq', 26, true);


--
-- TOC entry 3401 (class 0 OID 0)
-- Dependencies: 198
-- Name: strapi_database_schema_id_seq; Type: SEQUENCE SET; Schema: public; Owner: postgres
--

SELECT pg_catalog.setval('public.strapi_database_schema_id_seq', 8, true);


--
-- TOC entry 3402 (class 0 OID 0)
-- Dependencies: 196
-- Name: strapi_migrations_id_seq; Type: SEQUENCE SET; Schema: public; Owner: postgres
--

SELECT pg_catalog.setval('public.strapi_migrations_id_seq', 1, false);


--
-- TOC entry 3403 (class 0 OID 0)
-- Dependencies: 202
-- Name: strapi_webhooks_id_seq; Type: SEQUENCE SET; Schema: public; Owner: postgres
--

SELECT pg_catalog.setval('public.strapi_webhooks_id_seq', 1, false);


--
-- TOC entry 3404 (class 0 OID 0)
-- Dependencies: 218
-- Name: up_permissions_id_seq; Type: SEQUENCE SET; Schema: public; Owner: postgres
--

SELECT pg_catalog.setval('public.up_permissions_id_seq', 9, true);


--
-- TOC entry 3405 (class 0 OID 0)
-- Dependencies: 238
-- Name: up_permissions_role_links_id_seq; Type: SEQUENCE SET; Schema: public; Owner: postgres
--

SELECT pg_catalog.setval('public.up_permissions_role_links_id_seq', 9, true);


--
-- TOC entry 3406 (class 0 OID 0)
-- Dependencies: 220
-- Name: up_roles_id_seq; Type: SEQUENCE SET; Schema: public; Owner: postgres
--

SELECT pg_catalog.setval('public.up_roles_id_seq', 2, true);


--
-- TOC entry 3407 (class 0 OID 0)
-- Dependencies: 222
-- Name: up_users_id_seq; Type: SEQUENCE SET; Schema: public; Owner: postgres
--

SELECT pg_catalog.setval('public.up_users_id_seq', 1, false);


--
-- TOC entry 3408 (class 0 OID 0)
-- Dependencies: 240
-- Name: up_users_role_links_id_seq; Type: SEQUENCE SET; Schema: public; Owner: postgres
--

SELECT pg_catalog.setval('public.up_users_role_links_id_seq', 1, false);


--
-- TOC entry 3409 (class 0 OID 0)
-- Dependencies: 216
-- Name: upload_folders_id_seq; Type: SEQUENCE SET; Schema: public; Owner: postgres
--

SELECT pg_catalog.setval('public.upload_folders_id_seq', 1, false);


--
-- TOC entry 3410 (class 0 OID 0)
-- Dependencies: 236
-- Name: upload_folders_parent_links_id_seq; Type: SEQUENCE SET; Schema: public; Owner: postgres
--

SELECT pg_catalog.setval('public.upload_folders_parent_links_id_seq', 1, false);


--
-- TOC entry 2972 (class 2606 OID 16435)
-- Name: admin_permissions admin_permissions_pkey; Type: CONSTRAINT; Schema: public; Owner: postgres
--

ALTER TABLE ONLY public.admin_permissions
    ADD CONSTRAINT admin_permissions_pkey PRIMARY KEY (id);


--
-- TOC entry 3023 (class 2606 OID 16574)
-- Name: admin_permissions_role_links admin_permissions_role_links_pkey; Type: CONSTRAINT; Schema: public; Owner: postgres
--

ALTER TABLE ONLY public.admin_permissions_role_links
    ADD CONSTRAINT admin_permissions_role_links_pkey PRIMARY KEY (id);


--
-- TOC entry 3025 (class 2606 OID 16578)
-- Name: admin_permissions_role_links admin_permissions_role_links_unique; Type: CONSTRAINT; Schema: public; Owner: postgres
--

ALTER TABLE ONLY public.admin_permissions_role_links
    ADD CONSTRAINT admin_permissions_role_links_unique UNIQUE (permission_id, role_id);


--
-- TOC entry 2980 (class 2606 OID 16461)
-- Name: admin_roles admin_roles_pkey; Type: CONSTRAINT; Schema: public; Owner: postgres
--

ALTER TABLE ONLY public.admin_roles
    ADD CONSTRAINT admin_roles_pkey PRIMARY KEY (id);


--
-- TOC entry 2976 (class 2606 OID 16448)
-- Name: admin_users admin_users_pkey; Type: CONSTRAINT; Schema: public; Owner: postgres
--

ALTER TABLE ONLY public.admin_users
    ADD CONSTRAINT admin_users_pkey PRIMARY KEY (id);


--
-- TOC entry 3031 (class 2606 OID 16587)
-- Name: admin_users_roles_links admin_users_roles_links_pkey; Type: CONSTRAINT; Schema: public; Owner: postgres
--

ALTER TABLE ONLY public.admin_users_roles_links
    ADD CONSTRAINT admin_users_roles_links_pkey PRIMARY KEY (id);


--
-- TOC entry 3033 (class 2606 OID 16591)
-- Name: admin_users_roles_links admin_users_roles_links_unique; Type: CONSTRAINT; Schema: public; Owner: postgres
--

ALTER TABLE ONLY public.admin_users_roles_links
    ADD CONSTRAINT admin_users_roles_links_unique UNIQUE (user_id, role_id);


--
-- TOC entry 3082 (class 2606 OID 32864)
-- Name: components_blocks_hero_slider_items_components components_blocks_hero_slider_items_components_pkey; Type: CONSTRAINT; Schema: public; Owner: postgres
--

ALTER TABLE ONLY public.components_blocks_hero_slider_items_components
    ADD CONSTRAINT components_blocks_hero_slider_items_components_pkey PRIMARY KEY (id);


--
-- TOC entry 3077 (class 2606 OID 32845)
-- Name: components_blocks_hero_slider_items components_blocks_hero_slider_items_pkey; Type: CONSTRAINT; Schema: public; Owner: postgres
--

ALTER TABLE ONLY public.components_blocks_hero_slider_items
    ADD CONSTRAINT components_blocks_hero_slider_items_pkey PRIMARY KEY (id);


--
-- TOC entry 3086 (class 2606 OID 32964)
-- Name: components_blocks_hero_slider_items_components components_blocks_hero_slider_items_unique; Type: CONSTRAINT; Schema: public; Owner: postgres
--

ALTER TABLE ONLY public.components_blocks_hero_slider_items_components
    ADD CONSTRAINT components_blocks_hero_slider_items_unique UNIQUE (entity_id, component_id, field, component_type);


--
-- TOC entry 3089 (class 2606 OID 32880)
-- Name: components_blocks_hero_sliders_components components_blocks_hero_sliders_components_pkey; Type: CONSTRAINT; Schema: public; Owner: postgres
--

ALTER TABLE ONLY public.components_blocks_hero_sliders_components
    ADD CONSTRAINT components_blocks_hero_sliders_components_pkey PRIMARY KEY (id);


--
-- TOC entry 3079 (class 2606 OID 32853)
-- Name: components_blocks_hero_sliders components_blocks_hero_sliders_pkey; Type: CONSTRAINT; Schema: public; Owner: postgres
--

ALTER TABLE ONLY public.components_blocks_hero_sliders
    ADD CONSTRAINT components_blocks_hero_sliders_pkey PRIMARY KEY (id);


--
-- TOC entry 3093 (class 2606 OID 32966)
-- Name: components_blocks_hero_sliders_components components_blocks_hero_sliders_unique; Type: CONSTRAINT; Schema: public; Owner: postgres
--

ALTER TABLE ONLY public.components_blocks_hero_sliders_components
    ADD CONSTRAINT components_blocks_hero_sliders_unique UNIQUE (entity_id, component_id, field, component_type);


--
-- TOC entry 3073 (class 2606 OID 32782)
-- Name: components_shared_links components_shared_links_pkey; Type: CONSTRAINT; Schema: public; Owner: postgres
--

ALTER TABLE ONLY public.components_shared_links
    ADD CONSTRAINT components_shared_links_pkey PRIMARY KEY (id);


--
-- TOC entry 3075 (class 2606 OID 32795)
-- Name: components_shared_seos components_shared_seos_pkey; Type: CONSTRAINT; Schema: public; Owner: postgres
--

ALTER TABLE ONLY public.components_shared_seos
    ADD CONSTRAINT components_shared_seos_pkey PRIMARY KEY (id);


--
-- TOC entry 3048 (class 2606 OID 16626)
-- Name: files_folder_links files_folder_links_pkey; Type: CONSTRAINT; Schema: public; Owner: postgres
--

ALTER TABLE ONLY public.files_folder_links
    ADD CONSTRAINT files_folder_links_pkey PRIMARY KEY (id);


--
-- TOC entry 3050 (class 2606 OID 16630)
-- Name: files_folder_links files_folder_links_unique; Type: CONSTRAINT; Schema: public; Owner: postgres
--

ALTER TABLE ONLY public.files_folder_links
    ADD CONSTRAINT files_folder_links_unique UNIQUE (file_id, folder_id);


--
-- TOC entry 2992 (class 2606 OID 16497)
-- Name: files files_pkey; Type: CONSTRAINT; Schema: public; Owner: postgres
--

ALTER TABLE ONLY public.files
    ADD CONSTRAINT files_pkey PRIMARY KEY (id);


--
-- TOC entry 3043 (class 2606 OID 16617)
-- Name: files_related_morphs files_related_morphs_pkey; Type: CONSTRAINT; Schema: public; Owner: postgres
--

ALTER TABLE ONLY public.files_related_morphs
    ADD CONSTRAINT files_related_morphs_pkey PRIMARY KEY (id);


--
-- TOC entry 3100 (class 2606 OID 32919)
-- Name: home_pages_components home_pages_components_pkey; Type: CONSTRAINT; Schema: public; Owner: postgres
--

ALTER TABLE ONLY public.home_pages_components
    ADD CONSTRAINT home_pages_components_pkey PRIMARY KEY (id);


--
-- TOC entry 3109 (class 2606 OID 32932)
-- Name: home_pages_localizations_links home_pages_localizations_links_pkey; Type: CONSTRAINT; Schema: public; Owner: postgres
--

ALTER TABLE ONLY public.home_pages_localizations_links
    ADD CONSTRAINT home_pages_localizations_links_pkey PRIMARY KEY (id);


--
-- TOC entry 3111 (class 2606 OID 32936)
-- Name: home_pages_localizations_links home_pages_localizations_links_unique; Type: CONSTRAINT; Schema: public; Owner: postgres
--

ALTER TABLE ONLY public.home_pages_localizations_links
    ADD CONSTRAINT home_pages_localizations_links_unique UNIQUE (home_page_id, inv_home_page_id);


--
-- TOC entry 3096 (class 2606 OID 32906)
-- Name: home_pages home_pages_pkey; Type: CONSTRAINT; Schema: public; Owner: postgres
--

ALTER TABLE ONLY public.home_pages
    ADD CONSTRAINT home_pages_pkey PRIMARY KEY (id);


--
-- TOC entry 3104 (class 2606 OID 32924)
-- Name: home_pages_components home_pages_unique; Type: CONSTRAINT; Schema: public; Owner: postgres
--

ALTER TABLE ONLY public.home_pages_components
    ADD CONSTRAINT home_pages_unique UNIQUE (entity_id, component_id, field, component_type);


--
-- TOC entry 3017 (class 2606 OID 16564)
-- Name: i18n_locale i18n_locale_pkey; Type: CONSTRAINT; Schema: public; Owner: postgres
--

ALTER TABLE ONLY public.i18n_locale
    ADD CONSTRAINT i18n_locale_pkey PRIMARY KEY (id);


--
-- TOC entry 2988 (class 2606 OID 16484)
-- Name: strapi_api_token_permissions strapi_api_token_permissions_pkey; Type: CONSTRAINT; Schema: public; Owner: postgres
--

ALTER TABLE ONLY public.strapi_api_token_permissions
    ADD CONSTRAINT strapi_api_token_permissions_pkey PRIMARY KEY (id);


--
-- TOC entry 3038 (class 2606 OID 16601)
-- Name: strapi_api_token_permissions_token_links strapi_api_token_permissions_token_links_pkey; Type: CONSTRAINT; Schema: public; Owner: postgres
--

ALTER TABLE ONLY public.strapi_api_token_permissions_token_links
    ADD CONSTRAINT strapi_api_token_permissions_token_links_pkey PRIMARY KEY (id);


--
-- TOC entry 3040 (class 2606 OID 16605)
-- Name: strapi_api_token_permissions_token_links strapi_api_token_permissions_token_links_unique; Type: CONSTRAINT; Schema: public; Owner: postgres
--

ALTER TABLE ONLY public.strapi_api_token_permissions_token_links
    ADD CONSTRAINT strapi_api_token_permissions_token_links_unique UNIQUE (api_token_permission_id, api_token_id);


--
-- TOC entry 2984 (class 2606 OID 16474)
-- Name: strapi_api_tokens strapi_api_tokens_pkey; Type: CONSTRAINT; Schema: public; Owner: postgres
--

ALTER TABLE ONLY public.strapi_api_tokens
    ADD CONSTRAINT strapi_api_tokens_pkey PRIMARY KEY (id);


--
-- TOC entry 2967 (class 2606 OID 16413)
-- Name: strapi_core_store_settings strapi_core_store_settings_pkey; Type: CONSTRAINT; Schema: public; Owner: postgres
--

ALTER TABLE ONLY public.strapi_core_store_settings
    ADD CONSTRAINT strapi_core_store_settings_pkey PRIMARY KEY (id);


--
-- TOC entry 2965 (class 2606 OID 16402)
-- Name: strapi_database_schema strapi_database_schema_pkey; Type: CONSTRAINT; Schema: public; Owner: postgres
--

ALTER TABLE ONLY public.strapi_database_schema
    ADD CONSTRAINT strapi_database_schema_pkey PRIMARY KEY (id);


--
-- TOC entry 2963 (class 2606 OID 16391)
-- Name: strapi_migrations strapi_migrations_pkey; Type: CONSTRAINT; Schema: public; Owner: postgres
--

ALTER TABLE ONLY public.strapi_migrations
    ADD CONSTRAINT strapi_migrations_pkey PRIMARY KEY (id);


--
-- TOC entry 2969 (class 2606 OID 16424)
-- Name: strapi_webhooks strapi_webhooks_pkey; Type: CONSTRAINT; Schema: public; Owner: postgres
--

ALTER TABLE ONLY public.strapi_webhooks
    ADD CONSTRAINT strapi_webhooks_pkey PRIMARY KEY (id);


--
-- TOC entry 3005 (class 2606 OID 16525)
-- Name: up_permissions up_permissions_pkey; Type: CONSTRAINT; Schema: public; Owner: postgres
--

ALTER TABLE ONLY public.up_permissions
    ADD CONSTRAINT up_permissions_pkey PRIMARY KEY (id);


--
-- TOC entry 3062 (class 2606 OID 16652)
-- Name: up_permissions_role_links up_permissions_role_links_pkey; Type: CONSTRAINT; Schema: public; Owner: postgres
--

ALTER TABLE ONLY public.up_permissions_role_links
    ADD CONSTRAINT up_permissions_role_links_pkey PRIMARY KEY (id);


--
-- TOC entry 3064 (class 2606 OID 16656)
-- Name: up_permissions_role_links up_permissions_role_links_unique; Type: CONSTRAINT; Schema: public; Owner: postgres
--

ALTER TABLE ONLY public.up_permissions_role_links
    ADD CONSTRAINT up_permissions_role_links_unique UNIQUE (permission_id, role_id);


--
-- TOC entry 3009 (class 2606 OID 16538)
-- Name: up_roles up_roles_pkey; Type: CONSTRAINT; Schema: public; Owner: postgres
--

ALTER TABLE ONLY public.up_roles
    ADD CONSTRAINT up_roles_pkey PRIMARY KEY (id);


--
-- TOC entry 3013 (class 2606 OID 16551)
-- Name: up_users up_users_pkey; Type: CONSTRAINT; Schema: public; Owner: postgres
--

ALTER TABLE ONLY public.up_users
    ADD CONSTRAINT up_users_pkey PRIMARY KEY (id);


--
-- TOC entry 3069 (class 2606 OID 16665)
-- Name: up_users_role_links up_users_role_links_pkey; Type: CONSTRAINT; Schema: public; Owner: postgres
--

ALTER TABLE ONLY public.up_users_role_links
    ADD CONSTRAINT up_users_role_links_pkey PRIMARY KEY (id);


--
-- TOC entry 3071 (class 2606 OID 16669)
-- Name: up_users_role_links up_users_role_links_unique; Type: CONSTRAINT; Schema: public; Owner: postgres
--

ALTER TABLE ONLY public.up_users_role_links
    ADD CONSTRAINT up_users_role_links_unique UNIQUE (user_id, role_id);


--
-- TOC entry 3055 (class 2606 OID 16639)
-- Name: upload_folders_parent_links upload_folders_parent_links_pkey; Type: CONSTRAINT; Schema: public; Owner: postgres
--

ALTER TABLE ONLY public.upload_folders_parent_links
    ADD CONSTRAINT upload_folders_parent_links_pkey PRIMARY KEY (id);


--
-- TOC entry 3057 (class 2606 OID 16643)
-- Name: upload_folders_parent_links upload_folders_parent_links_unique; Type: CONSTRAINT; Schema: public; Owner: postgres
--

ALTER TABLE ONLY public.upload_folders_parent_links
    ADD CONSTRAINT upload_folders_parent_links_unique UNIQUE (folder_id, inv_folder_id);


--
-- TOC entry 2997 (class 2606 OID 16513)
-- Name: upload_folders upload_folders_path_id_index; Type: CONSTRAINT; Schema: public; Owner: postgres
--

ALTER TABLE ONLY public.upload_folders
    ADD CONSTRAINT upload_folders_path_id_index UNIQUE (path_id);


--
-- TOC entry 2999 (class 2606 OID 16515)
-- Name: upload_folders upload_folders_path_index; Type: CONSTRAINT; Schema: public; Owner: postgres
--

ALTER TABLE ONLY public.upload_folders
    ADD CONSTRAINT upload_folders_path_index UNIQUE (path);


--
-- TOC entry 3001 (class 2606 OID 16511)
-- Name: upload_folders upload_folders_pkey; Type: CONSTRAINT; Schema: public; Owner: postgres
--

ALTER TABLE ONLY public.upload_folders
    ADD CONSTRAINT upload_folders_pkey PRIMARY KEY (id);


--
-- TOC entry 2970 (class 1259 OID 16436)
-- Name: admin_permissions_created_by_id_fk; Type: INDEX; Schema: public; Owner: postgres
--

CREATE INDEX admin_permissions_created_by_id_fk ON public.admin_permissions USING btree (created_by_id);


--
-- TOC entry 3019 (class 1259 OID 16575)
-- Name: admin_permissions_role_links_fk; Type: INDEX; Schema: public; Owner: postgres
--

CREATE INDEX admin_permissions_role_links_fk ON public.admin_permissions_role_links USING btree (permission_id);


--
-- TOC entry 3020 (class 1259 OID 16576)
-- Name: admin_permissions_role_links_inv_fk; Type: INDEX; Schema: public; Owner: postgres
--

CREATE INDEX admin_permissions_role_links_inv_fk ON public.admin_permissions_role_links USING btree (role_id);


--
-- TOC entry 3021 (class 1259 OID 16579)
-- Name: admin_permissions_role_links_order_inv_fk; Type: INDEX; Schema: public; Owner: postgres
--

CREATE INDEX admin_permissions_role_links_order_inv_fk ON public.admin_permissions_role_links USING btree (permission_order);


--
-- TOC entry 2973 (class 1259 OID 16437)
-- Name: admin_permissions_updated_by_id_fk; Type: INDEX; Schema: public; Owner: postgres
--

CREATE INDEX admin_permissions_updated_by_id_fk ON public.admin_permissions USING btree (updated_by_id);


--
-- TOC entry 2978 (class 1259 OID 16462)
-- Name: admin_roles_created_by_id_fk; Type: INDEX; Schema: public; Owner: postgres
--

CREATE INDEX admin_roles_created_by_id_fk ON public.admin_roles USING btree (created_by_id);


--
-- TOC entry 2981 (class 1259 OID 16463)
-- Name: admin_roles_updated_by_id_fk; Type: INDEX; Schema: public; Owner: postgres
--

CREATE INDEX admin_roles_updated_by_id_fk ON public.admin_roles USING btree (updated_by_id);


--
-- TOC entry 2974 (class 1259 OID 16449)
-- Name: admin_users_created_by_id_fk; Type: INDEX; Schema: public; Owner: postgres
--

CREATE INDEX admin_users_created_by_id_fk ON public.admin_users USING btree (created_by_id);


--
-- TOC entry 3026 (class 1259 OID 16588)
-- Name: admin_users_roles_links_fk; Type: INDEX; Schema: public; Owner: postgres
--

CREATE INDEX admin_users_roles_links_fk ON public.admin_users_roles_links USING btree (user_id);


--
-- TOC entry 3027 (class 1259 OID 16589)
-- Name: admin_users_roles_links_inv_fk; Type: INDEX; Schema: public; Owner: postgres
--

CREATE INDEX admin_users_roles_links_inv_fk ON public.admin_users_roles_links USING btree (role_id);


--
-- TOC entry 3028 (class 1259 OID 16592)
-- Name: admin_users_roles_links_order_fk; Type: INDEX; Schema: public; Owner: postgres
--

CREATE INDEX admin_users_roles_links_order_fk ON public.admin_users_roles_links USING btree (role_order);


--
-- TOC entry 3029 (class 1259 OID 16593)
-- Name: admin_users_roles_links_order_inv_fk; Type: INDEX; Schema: public; Owner: postgres
--

CREATE INDEX admin_users_roles_links_order_inv_fk ON public.admin_users_roles_links USING btree (user_order);


--
-- TOC entry 2977 (class 1259 OID 16450)
-- Name: admin_users_updated_by_id_fk; Type: INDEX; Schema: public; Owner: postgres
--

CREATE INDEX admin_users_updated_by_id_fk ON public.admin_users USING btree (updated_by_id);


--
-- TOC entry 3080 (class 1259 OID 32866)
-- Name: components_blocks_hero_slider_items_component_type_index; Type: INDEX; Schema: public; Owner: postgres
--

CREATE INDEX components_blocks_hero_slider_items_component_type_index ON public.components_blocks_hero_slider_items_components USING btree (component_type);


--
-- TOC entry 3083 (class 1259 OID 32867)
-- Name: components_blocks_hero_slider_items_entity_fk; Type: INDEX; Schema: public; Owner: postgres
--

CREATE INDEX components_blocks_hero_slider_items_entity_fk ON public.components_blocks_hero_slider_items_components USING btree (entity_id);


--
-- TOC entry 3084 (class 1259 OID 32865)
-- Name: components_blocks_hero_slider_items_field_index; Type: INDEX; Schema: public; Owner: postgres
--

CREATE INDEX components_blocks_hero_slider_items_field_index ON public.components_blocks_hero_slider_items_components USING btree (field);


--
-- TOC entry 3087 (class 1259 OID 32882)
-- Name: components_blocks_hero_sliders_component_type_index; Type: INDEX; Schema: public; Owner: postgres
--

CREATE INDEX components_blocks_hero_sliders_component_type_index ON public.components_blocks_hero_sliders_components USING btree (component_type);


--
-- TOC entry 3090 (class 1259 OID 32883)
-- Name: components_blocks_hero_sliders_entity_fk; Type: INDEX; Schema: public; Owner: postgres
--

CREATE INDEX components_blocks_hero_sliders_entity_fk ON public.components_blocks_hero_sliders_components USING btree (entity_id);


--
-- TOC entry 3091 (class 1259 OID 32881)
-- Name: components_blocks_hero_sliders_field_index; Type: INDEX; Schema: public; Owner: postgres
--

CREATE INDEX components_blocks_hero_sliders_field_index ON public.components_blocks_hero_sliders_components USING btree (field);


--
-- TOC entry 2990 (class 1259 OID 16499)
-- Name: files_created_by_id_fk; Type: INDEX; Schema: public; Owner: postgres
--

CREATE INDEX files_created_by_id_fk ON public.files USING btree (created_by_id);


--
-- TOC entry 3044 (class 1259 OID 16627)
-- Name: files_folder_links_fk; Type: INDEX; Schema: public; Owner: postgres
--

CREATE INDEX files_folder_links_fk ON public.files_folder_links USING btree (file_id);


--
-- TOC entry 3045 (class 1259 OID 16628)
-- Name: files_folder_links_inv_fk; Type: INDEX; Schema: public; Owner: postgres
--

CREATE INDEX files_folder_links_inv_fk ON public.files_folder_links USING btree (folder_id);


--
-- TOC entry 3046 (class 1259 OID 16631)
-- Name: files_folder_links_order_inv_fk; Type: INDEX; Schema: public; Owner: postgres
--

CREATE INDEX files_folder_links_order_inv_fk ON public.files_folder_links USING btree (file_order);


--
-- TOC entry 3041 (class 1259 OID 16618)
-- Name: files_related_morphs_fk; Type: INDEX; Schema: public; Owner: postgres
--

CREATE INDEX files_related_morphs_fk ON public.files_related_morphs USING btree (file_id);


--
-- TOC entry 2993 (class 1259 OID 16500)
-- Name: files_updated_by_id_fk; Type: INDEX; Schema: public; Owner: postgres
--

CREATE INDEX files_updated_by_id_fk ON public.files USING btree (updated_by_id);


--
-- TOC entry 3098 (class 1259 OID 32921)
-- Name: home_pages_component_type_index; Type: INDEX; Schema: public; Owner: postgres
--

CREATE INDEX home_pages_component_type_index ON public.home_pages_components USING btree (component_type);


--
-- TOC entry 3094 (class 1259 OID 32907)
-- Name: home_pages_created_by_id_fk; Type: INDEX; Schema: public; Owner: postgres
--

CREATE INDEX home_pages_created_by_id_fk ON public.home_pages USING btree (created_by_id);


--
-- TOC entry 3101 (class 1259 OID 32922)
-- Name: home_pages_entity_fk; Type: INDEX; Schema: public; Owner: postgres
--

CREATE INDEX home_pages_entity_fk ON public.home_pages_components USING btree (entity_id);


--
-- TOC entry 3102 (class 1259 OID 32920)
-- Name: home_pages_field_index; Type: INDEX; Schema: public; Owner: postgres
--

CREATE INDEX home_pages_field_index ON public.home_pages_components USING btree (field);


--
-- TOC entry 3105 (class 1259 OID 32933)
-- Name: home_pages_localizations_links_fk; Type: INDEX; Schema: public; Owner: postgres
--

CREATE INDEX home_pages_localizations_links_fk ON public.home_pages_localizations_links USING btree (home_page_id);


--
-- TOC entry 3106 (class 1259 OID 32934)
-- Name: home_pages_localizations_links_inv_fk; Type: INDEX; Schema: public; Owner: postgres
--

CREATE INDEX home_pages_localizations_links_inv_fk ON public.home_pages_localizations_links USING btree (inv_home_page_id);


--
-- TOC entry 3107 (class 1259 OID 32937)
-- Name: home_pages_localizations_links_order_fk; Type: INDEX; Schema: public; Owner: postgres
--

CREATE INDEX home_pages_localizations_links_order_fk ON public.home_pages_localizations_links USING btree (home_page_order);


--
-- TOC entry 3097 (class 1259 OID 32908)
-- Name: home_pages_updated_by_id_fk; Type: INDEX; Schema: public; Owner: postgres
--

CREATE INDEX home_pages_updated_by_id_fk ON public.home_pages USING btree (updated_by_id);


--
-- TOC entry 3015 (class 1259 OID 16565)
-- Name: i18n_locale_created_by_id_fk; Type: INDEX; Schema: public; Owner: postgres
--

CREATE INDEX i18n_locale_created_by_id_fk ON public.i18n_locale USING btree (created_by_id);


--
-- TOC entry 3018 (class 1259 OID 16566)
-- Name: i18n_locale_updated_by_id_fk; Type: INDEX; Schema: public; Owner: postgres
--

CREATE INDEX i18n_locale_updated_by_id_fk ON public.i18n_locale USING btree (updated_by_id);


--
-- TOC entry 2986 (class 1259 OID 16485)
-- Name: strapi_api_token_permissions_created_by_id_fk; Type: INDEX; Schema: public; Owner: postgres
--

CREATE INDEX strapi_api_token_permissions_created_by_id_fk ON public.strapi_api_token_permissions USING btree (created_by_id);


--
-- TOC entry 3034 (class 1259 OID 16602)
-- Name: strapi_api_token_permissions_token_links_fk; Type: INDEX; Schema: public; Owner: postgres
--

CREATE INDEX strapi_api_token_permissions_token_links_fk ON public.strapi_api_token_permissions_token_links USING btree (api_token_permission_id);


--
-- TOC entry 3035 (class 1259 OID 16603)
-- Name: strapi_api_token_permissions_token_links_inv_fk; Type: INDEX; Schema: public; Owner: postgres
--

CREATE INDEX strapi_api_token_permissions_token_links_inv_fk ON public.strapi_api_token_permissions_token_links USING btree (api_token_id);


--
-- TOC entry 3036 (class 1259 OID 16606)
-- Name: strapi_api_token_permissions_token_links_order_inv_fk; Type: INDEX; Schema: public; Owner: postgres
--

CREATE INDEX strapi_api_token_permissions_token_links_order_inv_fk ON public.strapi_api_token_permissions_token_links USING btree (api_token_permission_order);


--
-- TOC entry 2989 (class 1259 OID 16486)
-- Name: strapi_api_token_permissions_updated_by_id_fk; Type: INDEX; Schema: public; Owner: postgres
--

CREATE INDEX strapi_api_token_permissions_updated_by_id_fk ON public.strapi_api_token_permissions USING btree (updated_by_id);


--
-- TOC entry 2982 (class 1259 OID 16475)
-- Name: strapi_api_tokens_created_by_id_fk; Type: INDEX; Schema: public; Owner: postgres
--

CREATE INDEX strapi_api_tokens_created_by_id_fk ON public.strapi_api_tokens USING btree (created_by_id);


--
-- TOC entry 2985 (class 1259 OID 16476)
-- Name: strapi_api_tokens_updated_by_id_fk; Type: INDEX; Schema: public; Owner: postgres
--

CREATE INDEX strapi_api_tokens_updated_by_id_fk ON public.strapi_api_tokens USING btree (updated_by_id);


--
-- TOC entry 3003 (class 1259 OID 16526)
-- Name: up_permissions_created_by_id_fk; Type: INDEX; Schema: public; Owner: postgres
--

CREATE INDEX up_permissions_created_by_id_fk ON public.up_permissions USING btree (created_by_id);


--
-- TOC entry 3058 (class 1259 OID 16653)
-- Name: up_permissions_role_links_fk; Type: INDEX; Schema: public; Owner: postgres
--

CREATE INDEX up_permissions_role_links_fk ON public.up_permissions_role_links USING btree (permission_id);


--
-- TOC entry 3059 (class 1259 OID 16654)
-- Name: up_permissions_role_links_inv_fk; Type: INDEX; Schema: public; Owner: postgres
--

CREATE INDEX up_permissions_role_links_inv_fk ON public.up_permissions_role_links USING btree (role_id);


--
-- TOC entry 3060 (class 1259 OID 16657)
-- Name: up_permissions_role_links_order_inv_fk; Type: INDEX; Schema: public; Owner: postgres
--

CREATE INDEX up_permissions_role_links_order_inv_fk ON public.up_permissions_role_links USING btree (permission_order);


--
-- TOC entry 3006 (class 1259 OID 16527)
-- Name: up_permissions_updated_by_id_fk; Type: INDEX; Schema: public; Owner: postgres
--

CREATE INDEX up_permissions_updated_by_id_fk ON public.up_permissions USING btree (updated_by_id);


--
-- TOC entry 3007 (class 1259 OID 16539)
-- Name: up_roles_created_by_id_fk; Type: INDEX; Schema: public; Owner: postgres
--

CREATE INDEX up_roles_created_by_id_fk ON public.up_roles USING btree (created_by_id);


--
-- TOC entry 3010 (class 1259 OID 16540)
-- Name: up_roles_updated_by_id_fk; Type: INDEX; Schema: public; Owner: postgres
--

CREATE INDEX up_roles_updated_by_id_fk ON public.up_roles USING btree (updated_by_id);


--
-- TOC entry 3011 (class 1259 OID 16552)
-- Name: up_users_created_by_id_fk; Type: INDEX; Schema: public; Owner: postgres
--

CREATE INDEX up_users_created_by_id_fk ON public.up_users USING btree (created_by_id);


--
-- TOC entry 3065 (class 1259 OID 16666)
-- Name: up_users_role_links_fk; Type: INDEX; Schema: public; Owner: postgres
--

CREATE INDEX up_users_role_links_fk ON public.up_users_role_links USING btree (user_id);


--
-- TOC entry 3066 (class 1259 OID 16667)
-- Name: up_users_role_links_inv_fk; Type: INDEX; Schema: public; Owner: postgres
--

CREATE INDEX up_users_role_links_inv_fk ON public.up_users_role_links USING btree (role_id);


--
-- TOC entry 3067 (class 1259 OID 16670)
-- Name: up_users_role_links_order_inv_fk; Type: INDEX; Schema: public; Owner: postgres
--

CREATE INDEX up_users_role_links_order_inv_fk ON public.up_users_role_links USING btree (user_order);


--
-- TOC entry 3014 (class 1259 OID 16553)
-- Name: up_users_updated_by_id_fk; Type: INDEX; Schema: public; Owner: postgres
--

CREATE INDEX up_users_updated_by_id_fk ON public.up_users USING btree (updated_by_id);


--
-- TOC entry 2994 (class 1259 OID 16498)
-- Name: upload_files_folder_path_index; Type: INDEX; Schema: public; Owner: postgres
--

CREATE INDEX upload_files_folder_path_index ON public.files USING btree (folder_path);


--
-- TOC entry 2995 (class 1259 OID 16516)
-- Name: upload_folders_created_by_id_fk; Type: INDEX; Schema: public; Owner: postgres
--

CREATE INDEX upload_folders_created_by_id_fk ON public.upload_folders USING btree (created_by_id);


--
-- TOC entry 3051 (class 1259 OID 16640)
-- Name: upload_folders_parent_links_fk; Type: INDEX; Schema: public; Owner: postgres
--

CREATE INDEX upload_folders_parent_links_fk ON public.upload_folders_parent_links USING btree (folder_id);


--
-- TOC entry 3052 (class 1259 OID 16641)
-- Name: upload_folders_parent_links_inv_fk; Type: INDEX; Schema: public; Owner: postgres
--

CREATE INDEX upload_folders_parent_links_inv_fk ON public.upload_folders_parent_links USING btree (inv_folder_id);


--
-- TOC entry 3053 (class 1259 OID 16644)
-- Name: upload_folders_parent_links_order_inv_fk; Type: INDEX; Schema: public; Owner: postgres
--

CREATE INDEX upload_folders_parent_links_order_inv_fk ON public.upload_folders_parent_links USING btree (folder_order);


--
-- TOC entry 3002 (class 1259 OID 16517)
-- Name: upload_folders_updated_by_id_fk; Type: INDEX; Schema: public; Owner: postgres
--

CREATE INDEX upload_folders_updated_by_id_fk ON public.upload_folders USING btree (updated_by_id);


--
-- TOC entry 3112 (class 2606 OID 16671)
-- Name: admin_permissions admin_permissions_created_by_id_fk; Type: FK CONSTRAINT; Schema: public; Owner: postgres
--

ALTER TABLE ONLY public.admin_permissions
    ADD CONSTRAINT admin_permissions_created_by_id_fk FOREIGN KEY (created_by_id) REFERENCES public.admin_users(id) ON DELETE SET NULL;


--
-- TOC entry 3134 (class 2606 OID 16781)
-- Name: admin_permissions_role_links admin_permissions_role_links_fk; Type: FK CONSTRAINT; Schema: public; Owner: postgres
--

ALTER TABLE ONLY public.admin_permissions_role_links
    ADD CONSTRAINT admin_permissions_role_links_fk FOREIGN KEY (permission_id) REFERENCES public.admin_permissions(id) ON DELETE CASCADE;


--
-- TOC entry 3135 (class 2606 OID 16786)
-- Name: admin_permissions_role_links admin_permissions_role_links_inv_fk; Type: FK CONSTRAINT; Schema: public; Owner: postgres
--

ALTER TABLE ONLY public.admin_permissions_role_links
    ADD CONSTRAINT admin_permissions_role_links_inv_fk FOREIGN KEY (role_id) REFERENCES public.admin_roles(id) ON DELETE CASCADE;


--
-- TOC entry 3113 (class 2606 OID 16676)
-- Name: admin_permissions admin_permissions_updated_by_id_fk; Type: FK CONSTRAINT; Schema: public; Owner: postgres
--

ALTER TABLE ONLY public.admin_permissions
    ADD CONSTRAINT admin_permissions_updated_by_id_fk FOREIGN KEY (updated_by_id) REFERENCES public.admin_users(id) ON DELETE SET NULL;


--
-- TOC entry 3116 (class 2606 OID 16691)
-- Name: admin_roles admin_roles_created_by_id_fk; Type: FK CONSTRAINT; Schema: public; Owner: postgres
--

ALTER TABLE ONLY public.admin_roles
    ADD CONSTRAINT admin_roles_created_by_id_fk FOREIGN KEY (created_by_id) REFERENCES public.admin_users(id) ON DELETE SET NULL;


--
-- TOC entry 3117 (class 2606 OID 16696)
-- Name: admin_roles admin_roles_updated_by_id_fk; Type: FK CONSTRAINT; Schema: public; Owner: postgres
--

ALTER TABLE ONLY public.admin_roles
    ADD CONSTRAINT admin_roles_updated_by_id_fk FOREIGN KEY (updated_by_id) REFERENCES public.admin_users(id) ON DELETE SET NULL;


--
-- TOC entry 3114 (class 2606 OID 16681)
-- Name: admin_users admin_users_created_by_id_fk; Type: FK CONSTRAINT; Schema: public; Owner: postgres
--

ALTER TABLE ONLY public.admin_users
    ADD CONSTRAINT admin_users_created_by_id_fk FOREIGN KEY (created_by_id) REFERENCES public.admin_users(id) ON DELETE SET NULL;


--
-- TOC entry 3136 (class 2606 OID 16791)
-- Name: admin_users_roles_links admin_users_roles_links_fk; Type: FK CONSTRAINT; Schema: public; Owner: postgres
--

ALTER TABLE ONLY public.admin_users_roles_links
    ADD CONSTRAINT admin_users_roles_links_fk FOREIGN KEY (user_id) REFERENCES public.admin_users(id) ON DELETE CASCADE;


--
-- TOC entry 3137 (class 2606 OID 16796)
-- Name: admin_users_roles_links admin_users_roles_links_inv_fk; Type: FK CONSTRAINT; Schema: public; Owner: postgres
--

ALTER TABLE ONLY public.admin_users_roles_links
    ADD CONSTRAINT admin_users_roles_links_inv_fk FOREIGN KEY (role_id) REFERENCES public.admin_roles(id) ON DELETE CASCADE;


--
-- TOC entry 3115 (class 2606 OID 16686)
-- Name: admin_users admin_users_updated_by_id_fk; Type: FK CONSTRAINT; Schema: public; Owner: postgres
--

ALTER TABLE ONLY public.admin_users
    ADD CONSTRAINT admin_users_updated_by_id_fk FOREIGN KEY (updated_by_id) REFERENCES public.admin_users(id) ON DELETE SET NULL;


--
-- TOC entry 3149 (class 2606 OID 32886)
-- Name: components_blocks_hero_slider_items_components components_blocks_hero_slider_items_entity_fk; Type: FK CONSTRAINT; Schema: public; Owner: postgres
--

ALTER TABLE ONLY public.components_blocks_hero_slider_items_components
    ADD CONSTRAINT components_blocks_hero_slider_items_entity_fk FOREIGN KEY (entity_id) REFERENCES public.components_blocks_hero_slider_items(id) ON DELETE CASCADE;


--
-- TOC entry 3150 (class 2606 OID 32891)
-- Name: components_blocks_hero_sliders_components components_blocks_hero_sliders_entity_fk; Type: FK CONSTRAINT; Schema: public; Owner: postgres
--

ALTER TABLE ONLY public.components_blocks_hero_sliders_components
    ADD CONSTRAINT components_blocks_hero_sliders_entity_fk FOREIGN KEY (entity_id) REFERENCES public.components_blocks_hero_sliders(id) ON DELETE CASCADE;


--
-- TOC entry 3122 (class 2606 OID 16721)
-- Name: files files_created_by_id_fk; Type: FK CONSTRAINT; Schema: public; Owner: postgres
--

ALTER TABLE ONLY public.files
    ADD CONSTRAINT files_created_by_id_fk FOREIGN KEY (created_by_id) REFERENCES public.admin_users(id) ON DELETE SET NULL;


--
-- TOC entry 3141 (class 2606 OID 16816)
-- Name: files_folder_links files_folder_links_fk; Type: FK CONSTRAINT; Schema: public; Owner: postgres
--

ALTER TABLE ONLY public.files_folder_links
    ADD CONSTRAINT files_folder_links_fk FOREIGN KEY (file_id) REFERENCES public.files(id) ON DELETE CASCADE;


--
-- TOC entry 3142 (class 2606 OID 16821)
-- Name: files_folder_links files_folder_links_inv_fk; Type: FK CONSTRAINT; Schema: public; Owner: postgres
--

ALTER TABLE ONLY public.files_folder_links
    ADD CONSTRAINT files_folder_links_inv_fk FOREIGN KEY (folder_id) REFERENCES public.upload_folders(id) ON DELETE CASCADE;


--
-- TOC entry 3140 (class 2606 OID 16811)
-- Name: files_related_morphs files_related_morphs_fk; Type: FK CONSTRAINT; Schema: public; Owner: postgres
--

ALTER TABLE ONLY public.files_related_morphs
    ADD CONSTRAINT files_related_morphs_fk FOREIGN KEY (file_id) REFERENCES public.files(id) ON DELETE CASCADE;


--
-- TOC entry 3123 (class 2606 OID 16726)
-- Name: files files_updated_by_id_fk; Type: FK CONSTRAINT; Schema: public; Owner: postgres
--

ALTER TABLE ONLY public.files
    ADD CONSTRAINT files_updated_by_id_fk FOREIGN KEY (updated_by_id) REFERENCES public.admin_users(id) ON DELETE SET NULL;


--
-- TOC entry 3151 (class 2606 OID 32938)
-- Name: home_pages home_pages_created_by_id_fk; Type: FK CONSTRAINT; Schema: public; Owner: postgres
--

ALTER TABLE ONLY public.home_pages
    ADD CONSTRAINT home_pages_created_by_id_fk FOREIGN KEY (created_by_id) REFERENCES public.admin_users(id) ON DELETE SET NULL;


--
-- TOC entry 3153 (class 2606 OID 32948)
-- Name: home_pages_components home_pages_entity_fk; Type: FK CONSTRAINT; Schema: public; Owner: postgres
--

ALTER TABLE ONLY public.home_pages_components
    ADD CONSTRAINT home_pages_entity_fk FOREIGN KEY (entity_id) REFERENCES public.home_pages(id) ON DELETE CASCADE;


--
-- TOC entry 3154 (class 2606 OID 32953)
-- Name: home_pages_localizations_links home_pages_localizations_links_fk; Type: FK CONSTRAINT; Schema: public; Owner: postgres
--

ALTER TABLE ONLY public.home_pages_localizations_links
    ADD CONSTRAINT home_pages_localizations_links_fk FOREIGN KEY (home_page_id) REFERENCES public.home_pages(id) ON DELETE CASCADE;


--
-- TOC entry 3155 (class 2606 OID 32958)
-- Name: home_pages_localizations_links home_pages_localizations_links_inv_fk; Type: FK CONSTRAINT; Schema: public; Owner: postgres
--

ALTER TABLE ONLY public.home_pages_localizations_links
    ADD CONSTRAINT home_pages_localizations_links_inv_fk FOREIGN KEY (inv_home_page_id) REFERENCES public.home_pages(id) ON DELETE CASCADE;


--
-- TOC entry 3152 (class 2606 OID 32943)
-- Name: home_pages home_pages_updated_by_id_fk; Type: FK CONSTRAINT; Schema: public; Owner: postgres
--

ALTER TABLE ONLY public.home_pages
    ADD CONSTRAINT home_pages_updated_by_id_fk FOREIGN KEY (updated_by_id) REFERENCES public.admin_users(id) ON DELETE SET NULL;


--
-- TOC entry 3132 (class 2606 OID 16771)
-- Name: i18n_locale i18n_locale_created_by_id_fk; Type: FK CONSTRAINT; Schema: public; Owner: postgres
--

ALTER TABLE ONLY public.i18n_locale
    ADD CONSTRAINT i18n_locale_created_by_id_fk FOREIGN KEY (created_by_id) REFERENCES public.admin_users(id) ON DELETE SET NULL;


--
-- TOC entry 3133 (class 2606 OID 16776)
-- Name: i18n_locale i18n_locale_updated_by_id_fk; Type: FK CONSTRAINT; Schema: public; Owner: postgres
--

ALTER TABLE ONLY public.i18n_locale
    ADD CONSTRAINT i18n_locale_updated_by_id_fk FOREIGN KEY (updated_by_id) REFERENCES public.admin_users(id) ON DELETE SET NULL;


--
-- TOC entry 3120 (class 2606 OID 16711)
-- Name: strapi_api_token_permissions strapi_api_token_permissions_created_by_id_fk; Type: FK CONSTRAINT; Schema: public; Owner: postgres
--

ALTER TABLE ONLY public.strapi_api_token_permissions
    ADD CONSTRAINT strapi_api_token_permissions_created_by_id_fk FOREIGN KEY (created_by_id) REFERENCES public.admin_users(id) ON DELETE SET NULL;


--
-- TOC entry 3138 (class 2606 OID 16801)
-- Name: strapi_api_token_permissions_token_links strapi_api_token_permissions_token_links_fk; Type: FK CONSTRAINT; Schema: public; Owner: postgres
--

ALTER TABLE ONLY public.strapi_api_token_permissions_token_links
    ADD CONSTRAINT strapi_api_token_permissions_token_links_fk FOREIGN KEY (api_token_permission_id) REFERENCES public.strapi_api_token_permissions(id) ON DELETE CASCADE;


--
-- TOC entry 3139 (class 2606 OID 16806)
-- Name: strapi_api_token_permissions_token_links strapi_api_token_permissions_token_links_inv_fk; Type: FK CONSTRAINT; Schema: public; Owner: postgres
--

ALTER TABLE ONLY public.strapi_api_token_permissions_token_links
    ADD CONSTRAINT strapi_api_token_permissions_token_links_inv_fk FOREIGN KEY (api_token_id) REFERENCES public.strapi_api_tokens(id) ON DELETE CASCADE;


--
-- TOC entry 3121 (class 2606 OID 16716)
-- Name: strapi_api_token_permissions strapi_api_token_permissions_updated_by_id_fk; Type: FK CONSTRAINT; Schema: public; Owner: postgres
--

ALTER TABLE ONLY public.strapi_api_token_permissions
    ADD CONSTRAINT strapi_api_token_permissions_updated_by_id_fk FOREIGN KEY (updated_by_id) REFERENCES public.admin_users(id) ON DELETE SET NULL;


--
-- TOC entry 3118 (class 2606 OID 16701)
-- Name: strapi_api_tokens strapi_api_tokens_created_by_id_fk; Type: FK CONSTRAINT; Schema: public; Owner: postgres
--

ALTER TABLE ONLY public.strapi_api_tokens
    ADD CONSTRAINT strapi_api_tokens_created_by_id_fk FOREIGN KEY (created_by_id) REFERENCES public.admin_users(id) ON DELETE SET NULL;


--
-- TOC entry 3119 (class 2606 OID 16706)
-- Name: strapi_api_tokens strapi_api_tokens_updated_by_id_fk; Type: FK CONSTRAINT; Schema: public; Owner: postgres
--

ALTER TABLE ONLY public.strapi_api_tokens
    ADD CONSTRAINT strapi_api_tokens_updated_by_id_fk FOREIGN KEY (updated_by_id) REFERENCES public.admin_users(id) ON DELETE SET NULL;


--
-- TOC entry 3126 (class 2606 OID 16741)
-- Name: up_permissions up_permissions_created_by_id_fk; Type: FK CONSTRAINT; Schema: public; Owner: postgres
--

ALTER TABLE ONLY public.up_permissions
    ADD CONSTRAINT up_permissions_created_by_id_fk FOREIGN KEY (created_by_id) REFERENCES public.admin_users(id) ON DELETE SET NULL;


--
-- TOC entry 3145 (class 2606 OID 16836)
-- Name: up_permissions_role_links up_permissions_role_links_fk; Type: FK CONSTRAINT; Schema: public; Owner: postgres
--

ALTER TABLE ONLY public.up_permissions_role_links
    ADD CONSTRAINT up_permissions_role_links_fk FOREIGN KEY (permission_id) REFERENCES public.up_permissions(id) ON DELETE CASCADE;


--
-- TOC entry 3146 (class 2606 OID 16841)
-- Name: up_permissions_role_links up_permissions_role_links_inv_fk; Type: FK CONSTRAINT; Schema: public; Owner: postgres
--

ALTER TABLE ONLY public.up_permissions_role_links
    ADD CONSTRAINT up_permissions_role_links_inv_fk FOREIGN KEY (role_id) REFERENCES public.up_roles(id) ON DELETE CASCADE;


--
-- TOC entry 3127 (class 2606 OID 16746)
-- Name: up_permissions up_permissions_updated_by_id_fk; Type: FK CONSTRAINT; Schema: public; Owner: postgres
--

ALTER TABLE ONLY public.up_permissions
    ADD CONSTRAINT up_permissions_updated_by_id_fk FOREIGN KEY (updated_by_id) REFERENCES public.admin_users(id) ON DELETE SET NULL;


--
-- TOC entry 3128 (class 2606 OID 16751)
-- Name: up_roles up_roles_created_by_id_fk; Type: FK CONSTRAINT; Schema: public; Owner: postgres
--

ALTER TABLE ONLY public.up_roles
    ADD CONSTRAINT up_roles_created_by_id_fk FOREIGN KEY (created_by_id) REFERENCES public.admin_users(id) ON DELETE SET NULL;


--
-- TOC entry 3129 (class 2606 OID 16756)
-- Name: up_roles up_roles_updated_by_id_fk; Type: FK CONSTRAINT; Schema: public; Owner: postgres
--

ALTER TABLE ONLY public.up_roles
    ADD CONSTRAINT up_roles_updated_by_id_fk FOREIGN KEY (updated_by_id) REFERENCES public.admin_users(id) ON DELETE SET NULL;


--
-- TOC entry 3130 (class 2606 OID 16761)
-- Name: up_users up_users_created_by_id_fk; Type: FK CONSTRAINT; Schema: public; Owner: postgres
--

ALTER TABLE ONLY public.up_users
    ADD CONSTRAINT up_users_created_by_id_fk FOREIGN KEY (created_by_id) REFERENCES public.admin_users(id) ON DELETE SET NULL;


--
-- TOC entry 3147 (class 2606 OID 16846)
-- Name: up_users_role_links up_users_role_links_fk; Type: FK CONSTRAINT; Schema: public; Owner: postgres
--

ALTER TABLE ONLY public.up_users_role_links
    ADD CONSTRAINT up_users_role_links_fk FOREIGN KEY (user_id) REFERENCES public.up_users(id) ON DELETE CASCADE;


--
-- TOC entry 3148 (class 2606 OID 16851)
-- Name: up_users_role_links up_users_role_links_inv_fk; Type: FK CONSTRAINT; Schema: public; Owner: postgres
--

ALTER TABLE ONLY public.up_users_role_links
    ADD CONSTRAINT up_users_role_links_inv_fk FOREIGN KEY (role_id) REFERENCES public.up_roles(id) ON DELETE CASCADE;


--
-- TOC entry 3131 (class 2606 OID 16766)
-- Name: up_users up_users_updated_by_id_fk; Type: FK CONSTRAINT; Schema: public; Owner: postgres
--

ALTER TABLE ONLY public.up_users
    ADD CONSTRAINT up_users_updated_by_id_fk FOREIGN KEY (updated_by_id) REFERENCES public.admin_users(id) ON DELETE SET NULL;


--
-- TOC entry 3124 (class 2606 OID 16731)
-- Name: upload_folders upload_folders_created_by_id_fk; Type: FK CONSTRAINT; Schema: public; Owner: postgres
--

ALTER TABLE ONLY public.upload_folders
    ADD CONSTRAINT upload_folders_created_by_id_fk FOREIGN KEY (created_by_id) REFERENCES public.admin_users(id) ON DELETE SET NULL;


--
-- TOC entry 3143 (class 2606 OID 16826)
-- Name: upload_folders_parent_links upload_folders_parent_links_fk; Type: FK CONSTRAINT; Schema: public; Owner: postgres
--

ALTER TABLE ONLY public.upload_folders_parent_links
    ADD CONSTRAINT upload_folders_parent_links_fk FOREIGN KEY (folder_id) REFERENCES public.upload_folders(id) ON DELETE CASCADE;


--
-- TOC entry 3144 (class 2606 OID 16831)
-- Name: upload_folders_parent_links upload_folders_parent_links_inv_fk; Type: FK CONSTRAINT; Schema: public; Owner: postgres
--

ALTER TABLE ONLY public.upload_folders_parent_links
    ADD CONSTRAINT upload_folders_parent_links_inv_fk FOREIGN KEY (inv_folder_id) REFERENCES public.upload_folders(id) ON DELETE CASCADE;


--
-- TOC entry 3125 (class 2606 OID 16736)
-- Name: upload_folders upload_folders_updated_by_id_fk; Type: FK CONSTRAINT; Schema: public; Owner: postgres
--

ALTER TABLE ONLY public.upload_folders
    ADD CONSTRAINT upload_folders_updated_by_id_fk FOREIGN KEY (updated_by_id) REFERENCES public.admin_users(id) ON DELETE SET NULL;


-- Completed on 2022-12-05 20:40:39 UTC

--
-- PostgreSQL database dump complete
--

